MMSI,Timestamp,Latitude,Longitude,SOG,COG,Heading,VesselName,IMO,CallSign,VesselType,Status,Length,Width,Draft,Cargo,TransceiverClass,Latitude_next,Longitude_next
1056261,2021-11-14 00:00:00,24.56227,-81.80312,0.0,254.5,59,CHAMPAGNE CHER,IMO1056261,WDC6418,10.0,0.0,0.0,0.0,2.5,10,A,24.56227,-81.80312
191283710,2021-11-14 00:00:08,41.64435,-70.92108,0.0,251.4,511,PYXIS,,UNKNOWN,30.0,7.0,30.0,10.0,0.0,30,A,41.64435,-70.92108
210043000,2021-11-14 00:00:11,45.98442,-124.51808,2.2,75.0,126,EFRAIM A,IMO9520778,5BZL2,70.0,0.0,229.0,32.0,14.4,70,A,45.99390363697147,-124.46714351895471
212348000,2021-11-14 00:00:09,33.7083,-118.6707,0.7,94.0,147,HYUNDAI HONGKONG,IMO9305661,5BZL,70.0,0.0,303.0,40.0,14.0,71,A,33.70748672285426,-118.6567190260694
212438000,2021-11-14 00:01:10,37.19511,-76.11126,0.0,201.1,329,PEDHOULAS CHERRY,IMO9738040,5BFD4,70.0,1.0,229.0,9.0,,70,A,37.19511,-76.11126
215809000,2021-11-14 00:00:03,40.48755,-73.26726,4.3,264.6,268,ATLANTIC SAIL,IMO9670585,9HA5297,74.0,0.0,296.0,37.0,10.5,74,A,40.48081011548765,-73.36100900447146
220563000,2021-11-14 00:00:05,35.1382,-126.55508,11.5,151.0,149,TORM MOSELLE,IMO9254240,OYNX2,80.0,0.0,182.0,32.0,12.7,80,A,34.97067751417473,-126.44152769915945
229074000,2021-11-14 00:00:00,26.10341,-79.83676,15.2,80.9,87,CELEBRITY REFLECTION,IMO9506459,9HA3047,60.0,0.0,319.0,38.0,8.6,60,A,26.143449712159462,-79.55839041380841
232024773,2021-11-14 00:00:06,34.48993,-120.92462,19.2,317.4,317,HYUNDAI MARS,IMO9725122,MGGA6,74.0,0.0,324.0,48.0,14.3,74,A,34.72532234614819,-121.18723538771614
241209000,2021-11-14 00:00:06,46.20134,-123.81985,0.1,56.3,72,ALPHA VISION,IMO9597202,SVBO8,70.0,1.0,229.0,32.0,14.5,70,A,46.20226411759299,-123.81784797249686
246865000,2021-11-14 00:00:13,47.81375,-86.64411,13.7,267.1,268,AVONBORG,IMO9466362,PCOF,70.0,0.0,142.0,21.0,9.7,79,A,47.8022057294875,-86.98345882817564
248128000,2021-11-14 00:00:53,28.93653,-95.33377,0.0,210.5,124,SEASURFER,IMO9763033,9HA4521,80.0,5.0,27.0,9.0,,80,A,28.93653,-95.33377
248729000,2021-11-14 00:00:02,39.19905,-73.85903,18.5,178.6,181,NORDMARSH,IMO9802499,9HA4782,70.0,0.0,194.0,32.0,9.2,71,A,38.891016410011034,-73.84931565646215
249474000,2021-11-14 00:00:03,48.33667,-123.36388,0.1,177.6,59,ZIM KINGSTON,IMO9389693,9HSZ9,70.0,3.0,260.0,32.0,12.6,71,A,48.335005917350564,-123.36377508013545
249652000,2021-11-14 00:00:01,18.55414,-65.72564,11.1,268.8,269,JS INEOS INDEPENDENC,IMO9744960,9HA4327,80.0,0.0,27.0,9.0,,89,A,18.5502682629791,-65.9206085990671
255805450,2021-11-14 00:00:00,18.58319,-66.17065,14.9,326.4,332,RORO FEEDER I,IMO9198719,CQLY,70.0,0.0,142.0,21.0,5.5,70,A,18.78989273138106,-66.31553709730565
259959000,2021-11-14 00:00:01,40.99751,-70.53249,1.3,234.1,253,ARTEMIS ANGLER,IMO9181467,LAGU7,90.0,0.0,65.0,14.0,7.1,99,A,40.98481382645433,-70.55572862551581
303457000,2021-11-14 00:00:05,42.93482,-87.73369,0.0,215.9,296,LAURA L VANENKEVORT,IMO8875310,WDK6830,52.0,0.0,210.0,22.0,7.0,52,A,42.93482,-87.73369
303681000,2021-11-14 00:00:06,21.00589,-157.0369,8.3,94.6,94,MOUNT DRUM,,WDJ7294,31.0,11.0,27.0,9.0,,32,A,20.99480329107888,-156.8892959304145
309518000,2021-11-14 00:00:01,29.41524,-93.61707,0.0,251.7,6,GRIMSTAD,IMO9336402,C6WG9,80.0,0.0,240.0,42.0,14.9,80,A,29.41524,-93.61707
311000222,2021-11-14 00:00:03,37.84704,-122.40608,10.5,340.0,339,EMERALD SPIRIT,IMO9422005,C6BC3,80.0,0.0,242.0,42.0,15.4,80,A,38.01137539960159,-122.4818263137599
311000286,2021-11-14 00:00:01,26.09709,-80.16109,0.3,360.0,511,IMPETUOUS,,C6BK2,31.0,15.0,27.0,9.0,,37,A,26.102086630842486,-80.16109
311000381,2021-11-14 00:00:07,34.44632,-76.18483,4.8,230.1,230,ISLAND CHAMPION,IMO9366598,C6BW2,70.0,3.0,93.0,20.0,5.2,70,A,34.39503860779202,-76.25920261184358
311000720,2021-11-14 00:00:01,16.4539,-66.60118,10.6,41.4,41,CYMBIDIUM,IMO9781528,C6DM7,70.0,0.0,115.0,16.0,6.7,70,A,16.586330326405097,-66.4794415208274
311000864,2021-11-14 00:00:05,37.49085,-126.90996,12.6,89.3,93,CARIBBEAN VOYAGER,IMO9857860,C6ED5,80.0,0.0,250.0,44.0,11.2,80,A,37.49341384141339,-126.6454913017035
311000878,2021-11-14 00:00:01,34.19987,-119.95915,13.1,105.3,106,AFRICAN WARBLER,IMO9852717,C6EF3,70.0,0.0,180.0,30.0,7.6,70,A,34.142296538395186,-119.7046973954659
314485000,2021-11-14 00:00:06,39.27122,-76.58202,0.0,203.6,205,IDA,IMO9875197,8PAS5,70.0,5.0,199.0,32.0,12.0,70,A,39.27122,-76.58202
316001023,2021-11-14 00:00:05,48.93977,-125.53842,0.1,241.0,324,E J SAFARIK,IMO8717427,CZ7174,30.0,0.0,19.0,7.0,3.1,30,A,48.93896252843292,-125.54063772516554
316001221,2021-11-14 00:00:20,49.29049,-122.97427,0.1,268.3,511,ISLAND CROWN,IMO7414092,CFK9388,31.0,0.0,23.0,7.0,4.1,52,A,49.290440589576605,-122.97682251256224
316001235,2021-11-14 00:00:09,48.61389,-123.51743,0.0,355.3,280,KLITSA,IMO7228481,CZ3072,60.0,0.0,47.0,12.0,1.4,60,A,48.61389,-123.51743
316001268,2021-11-14 00:00:03,48.80366,-123.34577,20.7,175.2,171,SPIRIT OF B C,IMO9015668,VOSM,60.0,0.0,167.0,32.0,5.0,60,A,48.46010162011593,-123.30196861822502
316001556,2021-11-14 00:00:01,48.65217,-123.44917,0.0,0.0,75,CCGS CAPE SUTIL,,CFE9808,90.0,0.0,13.0,4.0,2.2,51,A,48.65217,-123.44917
316001659,2021-11-14 00:00:31,48.42332,-123.38485,0.0,41.3,511,ZAPORA,IMO0000000,UNKNOWN,30.0,0.0,17.0,6.0,,0,B,48.42332,-123.38485
316001696,2021-11-14 00:00:13,43.71233,-77.26295,12.1,76.2,75,TIM S DOOL,IMO6800919,VGPY,70.0,0.0,222.0,23.0,8.2,79,A,43.7604018331211,-76.99218568042329
316001731,2021-11-14 00:00:07,49.20478,-123.10013,1.1,75.5,94,ALISON NICOLE I,IMO7406681,CFC6672,31.0,0.0,22.0,7.0,2.9,32,A,49.20936720698553,-123.0729819000252
316001749,2021-11-14 00:00:07,49.1809,-123.18433,0.0,322.2,272,SIYAY,,UNKNOWN,31.0,8.0,27.0,9.0,,51,A,49.1809,-123.18433
316002873,2021-11-14 00:00:08,43.27564,-79.8439,2.0,14.6,340,OCEAN GOLF,IMO5146354,UNKNOWN,31.0,0.0,31.0,8.0,3.1,52,A,43.30787523658524,-79.83236715808381
316002974,2021-11-14 00:00:06,49.12297,-123.18155,0.1,17.2,511,KYNOC,,CY9299,30.0,0.0,16.0,6.0,2.6,30,A,49.12456105777578,-123.18079742320633
316003124,2021-11-14 00:00:16,42.02667,-82.60187,0.0,348.2,511,PELEE ISLANDER,IMO5273274,VC4084,60.0,0.0,44.0,9.0,2.3,60,A,42.02667,-82.60187
316003351,2021-11-14 00:00:08,49.11826,-123.16436,0.0,360.0,511,VIKING FISHER,,UNKNOWN,30.0,0.0,22.0,6.0,2.2,30,A,49.11826,-123.16436
316003527,2021-11-14 00:00:10,49.12367,-123.1887,0.0,212.2,511,BELINA,IMO5039678,CY3195,30.0,0.0,23.0,7.0,2.9,30,A,49.12367,-123.1887
316003667,2021-11-14 00:00:06,49.31099,-123.10671,0.1,162.4,511,SEASPAN FALCON,IMO9072393,VG6987,31.0,0.0,25.0,9.0,2.5,52,A,49.30940241937017,-123.10593753593947
316003669,2021-11-14 00:00:16,49.15791,-122.97148,3.7,85.8,88,HAISEA GUARDIAN,IMO7414107,CZ5576,31.0,0.0,23.0,7.0,2.9,31,A,49.16242331222693,-122.87750167522978
316005417,2021-11-14 00:00:42,49.64883,-124.08111,6.9,190.0,191,CAPTAIN COOK,IMO6613483,CY7903,31.0,0.0,21.0,6.0,3.7,52,A,49.535653421769766,-124.1119316045835
316005718,2021-11-14 00:00:08,49.15884,-122.96935,0.4,187.4,511,SEASPAN SCOUT,,UNKNOWN,31.0,5.0,14.0,6.0,0.3,52,A,49.15223331371258,-122.97066208814869
316005813,2021-11-14 00:00:10,49.12403,-123.18767,0.1,360.0,511,PENDER ISLE,,VG9704,30.0,15.0,21.0,6.0,3.0,30,A,49.12569554361416,-123.18767
316007886,2021-11-14 00:00:12,43.83232,-66.12551,0.0,360.0,58,TIDAL PIONEER,IMO9928425,CZY3197,52.0,0.0,26.0,11.0,3.5,53,A,43.83232,-66.12551
316009547,2021-11-14 00:00:24,48.9427,-123.69416,8.9,40.9,42,KUPER,IMO9029267,CFN4618,60.0,0.0,52.0,16.0,2.9,60,A,49.054742715774445,-123.54639438623244
316009560,2021-11-14 00:00:08,42.8998,-79.24587,0.3,203.0,189,ALGOSCOTIA,IMO9273222,VAAP,80.0,0.0,148.0,23.0,9.3,81,A,42.89520057705858,-79.24853514476919
316012046,2021-11-14 00:00:04,48.43115,-123.42957,0.0,0.0,511,CFAV TILLICUM,,CFA2615,35.0,0.0,17.0,7.0,0.0,35,A,48.43115,-123.42957
316013040,2021-11-14 00:00:01,44.88416,-66.76447,15.1,346.0,348,GRAND MANAN ADVENTUR,IMO9558103,XJAV,60.0,0.0,85.0,18.0,4.6,60,A,45.128186547462825,-66.85034106564477
316014803,2021-11-14 00:00:06,49.28657,-123.09735,0.0,267.0,354,NORDIC PEARL,IMO8825896,CFK9324,30.0,7.0,29.0,9.0,4.0,30,A,49.28657,-123.09735
316015121,2021-11-14 00:00:10,44.17224,-76.70356,0.0,44.5,511,FRONTENAC II,IMO5068875,VDLK,90.0,0.0,55.0,11.0,2.7,60,A,44.17224,-76.70356
316015840,2021-11-14 00:00:05,44.9539,-66.90406,0.0,97.4,230,MULTI QUALITY,IMO9781944,CJB2083,52.0,0.0,27.0,10.0,3.0,52,A,44.9539,-66.90406
316020871,2021-11-14 00:00:00,48.71239,-123.53986,0.0,311.5,127,SEASPAN EAGLE,IMO9432971,CFN6642,31.0,0.0,28.0,12.0,5.3,31,A,48.71239,-123.53986
316022038,2021-11-14 00:00:08,49.27913,-122.70707,9.9,9.5,511,OCEAN GORDON,,UNKNOWN,31.0,15.0,14.0,5.0,0.5,52,A,49.4417574668526,-122.66535392411738
316024256,2021-11-14 00:00:01,46.5078,-84.33692,0.1,44.1,323,SHARON M I,IMO9084059,CFP2006,31.0,12.0,34.0,10.0,5.3,52,A,46.508996070669404,-84.33523592689706
316025599,2021-11-14 00:00:03,49.29835,-123.02854,0.0,313.7,185,OCEAN STEVNS,IMO9224960,CFN6673,31.0,0.0,31.0,11.0,5.3,52,A,49.29835,-123.02854
316030626,2021-11-14 00:00:17,48.80919,-123.33336,13.3,354.0,356,SALISH EAGLE,IMO9750282,CFCX,70.0,0.0,27.0,9.0,,60,A,49.0294938057326,-123.36851937009284
316030917,2021-11-14 00:00:00,49.18777,-123.88751,2.1,151.6,155,INLET CRUSADER,,UNKNOWN,31.0,0.0,19.0,8.0,3.8,52,A,49.15700304567187,-123.86205699524253
316031979,2021-11-14 00:00:16,47.61652,-122.51171,0.0,207.3,511,SOLANA,,CFA2482,37.0,15.0,20.0,5.0,1.4,37,A,47.61652,-122.51171
316032771,2021-11-14 00:00:04,41.85393,-124.95962,10.3,170.3,511,POLARIS,,UNKNOWN,37.0,0.0,27.0,9.0,,0,B,41.68483159180503,-124.92081408399385
316033814,2021-11-14 00:00:08,49.14414,-123.03376,0.0,97.4,97,SEASPAN RELIANT,IMO9764233,CFEB,37.0,0.0,27.0,9.0,,71,A,49.14414,-123.03376
316034016,2021-11-14 00:00:08,48.8543,-123.49883,0.0,330.4,511,SCHOLARSHIP,,VY5355,60.0,0.0,27.0,9.0,,0,B,48.8543,-123.49883
316034846,2021-11-14 00:00:08,43.75123,-81.7979,1.7,257.2,276,ALGOMA NIAGARA,IMO9619270,CFFO,70.0,0.0,226.0,24.0,7.0,70,A,43.74495702234757,-81.83612336542865
316037865,2021-11-14 00:00:03,42.02605,-82.73122,0.0,9.1,5,PELEE ISLANDER II,IMO9784348,CFK3147,69.0,8.0,67.0,15.0,3.3,69,A,42.02605,-82.73122
316037994,2021-11-14 00:00:09,49.30655,-123.07857,0.1,20.3,511,SEASPAN CAREEN,IMO0801801,A,90.0,0.0,112.0,49.0,5.6,90,A,49.30811209492584,-123.07768376370686
316044371,2021-11-14 00:00:02,42.28595,-83.11971,0.0,359.4,352,HARVEST SPIRIT,IMO9655951,VDAY,70.0,0.0,152.0,22.0,5.6,70,A,42.28595,-83.11971
319174500,2021-11-14 00:00:02,26.6462,-79.70535,11.4,115.1,124,QUANTUM OF SOLACE,IMO1011135,ZGKC6,37.0,0.0,73.0,12.0,3.9,37,A,26.56565641907596,-79.51297642686043
319226700,2021-11-14 00:00:01,29.89233,-81.30792,0.0,216.5,357,MARAE,IMO1008176,WDK6465,0.0,5.0,33.0,8.0,6.0,0,A,29.89233,-81.30792
319421000,2021-11-14 00:00:32,33.58283,-117.872,0.0,244.0,258,ATTESSA,IMO1006099,ZCRH2,37.0,1.0,68.0,11.0,3.2,37,A,33.58283,-117.872
319571000,2021-11-14 00:00:01,26.06034,-80.13112,0.0,107.1,511,FLAG,IMO1006697,ZCFE2,37.0,0.0,62.0,10.0,3.3,37,A,26.06034,-80.13112
338053214,2021-11-14 00:00:06,32.63059,-117.10694,0.0,194.6,72,CHIRON,,UNKNOWN,37.0,0.0,28.0,7.0,,0,A,32.63059,-117.10694
338066882,2021-11-14 00:00:14,32.71686,-117.2307,4.4,309.0,511,CORINTHIAN,,UNKNOWN,37.0,0.0,12.0,9.0,,0,B,32.76297906457728,-117.29839142650373
338091531,2021-11-14 00:00:12,32.71435,-117.23258,0.0,360.0,511,IRISH CREAM,IMO0000000,UNKNOWN,37.0,0.0,12.0,4.0,,0,B,32.71435,-117.23258
338106036,2021-11-14 00:00:21,35.07746,-76.95909,0.0,360.0,511,ESCAPE,,UNKNOWN,37.0,0.0,13.0,4.0,,0,B,35.07746,-76.95909
338109181,2021-11-14 00:00:07,33.48516,-119.02694,6.2,225.9,223,VENTURE,,UNKNOWN,37.0,0.0,27.0,9.0,,0,B,33.41329746690859,-119.11585345956823
338109335,2021-11-14 00:00:04,36.59042,-75.99211,0.3,102.9,511,VBFD FB6,,UNKNOWN,31.0,0.0,7.0,9.0,,51,A,36.589304501584756,-75.98604396713351
338117933,2021-11-14 00:00:30,39.52636,-75.81016,0.0,29.3,511,MOET,,UNKNOWN,37.0,0.0,15.0,9.0,,0,B,39.52636,-75.81016
338127859,2021-11-14 00:00:12,42.04656,-87.68331,0.0,360.0,511,VOBAL,,UNKNOWN,31.0,0.0,27.0,9.0,,0,B,42.04656,-87.68331
338131000,2021-11-14 00:00:01,40.65049,-74.11092,0.0,2.2,1,GENESIS EAGLE,IMO9117260,WDG9347,31.0,0.0,37.0,11.0,4.9,57,A,40.65049,-74.11092
338138782,2021-11-14 00:00:22,34.05385,-77.89029,0.0,338.8,511,MELTEMI,,UNKNOWN,37.0,0.0,14.0,9.0,,0,B,34.05385,-77.89029
338141592,2021-11-14 00:00:14,47.65798,-122.37296,0.1,31.9,511,MOLLUSCAN,,UNKNOWN,90.0,0.0,10.0,9.0,,0,B,47.65939399937294,-122.37165329543052
338143158,2021-11-14 00:00:02,31.12964,-81.52582,0.4,198.1,511,DREDGE BRUNSWICK,,UNKNOWN,31.0,3.0,82.0,9.0,,33,A,31.123307498372107,-81.52823796863994
338164033,2021-11-14 00:00:07,34.17909,-119.22353,0.0,0.0,511,AFTER MIDNIGHT,,UNKNOWN,30.0,0.0,21.0,9.0,,0,B,34.17909,-119.22353
338167102,2021-11-14 00:00:07,37.86445,-122.32437,3.1,60.2,511,TWO TRUTHS,,UNKNOWN,37.0,0.0,27.0,9.0,,0,B,37.89010968602301,-122.26761722029454
338169735,2021-11-14 00:00:04,37.81173,-122.42593,13.7,63.1,511,SAN FRANCISCO,,UNKNOWN,31.0,0.0,9.0,9.0,,31,A,37.91496631450593,-122.16835748172478
338174273,2021-11-14 00:00:24,48.7563,-122.50519,0.0,288.7,511,SWEET TREAT,,UNKNOWN,37.0,0.0,12.0,9.0,,0,B,48.7563,-122.50519
338180566,2021-11-14 00:00:25,34.72496,-76.6646,0.0,295.5,511,TARAMISU,IMO0000000,UNKNOWN,37.0,0.0,16.0,8.0,,0,B,34.72496,-76.6646
338189606,2021-11-14 00:00:21,38.88309,-76.53335,0.2,350.0,511,KRISTINA MARIE,,UNKNOWN,36.0,0.0,13.0,9.0,,0,B,38.88637048052841,-76.53409308335965
338190801,2021-11-14 00:00:23,38.96135,-76.48329,0.0,354.2,511,SCARECROW,,UNKNOWN,37.0,0.0,15.0,9.0,,0,B,38.96135,-76.48329
338210856,2021-11-14 00:00:05,47.56362,-122.62088,0.0,360.0,511,CAREFREE,,UNKNOWN,36.0,0.0,13.0,9.0,,0,B,47.56362,-122.62088
338211341,2021-11-14 00:00:53,38.98871,-74.83411,0.0,142.0,511,SEA FOX,,UNKNOWN,37.0,0.0,27.0,9.0,,0,B,38.98871,-74.83411
338224286,2021-11-14 00:00:00,39.21173,-76.58101,0.0,360.0,511,KOKO6,IMO1095096,895,33.0,15.0,0.0,0.0,0.0,33,A,39.21173,-76.58101
338224676,2021-11-14 00:00:15,32.68197,-117.229,4.8,145.7,146,PIANO,IMO0000000,UNKNOWN,36.0,0.0,14.0,4.0,,0,B,32.61592666852478,-117.1754741156631
338226461,2021-11-14 00:00:02,38.77413,-76.56443,0.0,314.6,511,NO HURRY,,UNKNOWN,37.0,0.0,27.0,9.0,,0,B,38.77413,-76.56443
338229709,2021-11-14 00:00:20,34.72167,-76.70412,0.3,213.9,511,REEL FUN,IMO0000000,UNKNOWN,37.0,0.0,0.0,0.0,,0,B,34.71752273501666,-76.70751061831513
338234735,2021-11-14 00:00:24,47.30542,-122.5113,0.1,169.5,511,SOL DESIRE,IMO0000000,UNKNOWN,37.0,0.0,18.0,5.0,,0,B,47.303782346067614,-122.51085238810438
338236591,2021-11-14 00:00:34,34.72624,-76.665,0.0,166.9,511,MIKIE LIKES IT,,UNKNOWN,37.0,0.0,27.0,9.0,,0,B,34.72624,-76.665
338237356,2021-11-14 00:00:12,47.66084,-122.37726,0.0,54.8,511,PORTER II,,UNKNOWN,37.0,0.0,27.0,9.0,,0,B,47.66084,-122.37726
338257000,2021-11-14 00:00:09,40.47358,-74.05575,4.8,269.0,274,BROOKS MCCALL,IMO8964367,WCZ7811,90.0,3.0,48.0,12.0,3.0,99,A,40.47218474828352,-74.16082868350246
338322031,2021-11-14 00:00:23,42.61354,-70.68043,0.0,360.0,511,CACHALOT,IMO0000000,UNKNOWN,37.0,0.0,10.0,4.0,,0,B,42.61354,-70.68043
338328296,2021-11-14 00:00:12,32.72401,-117.22355,0.0,119.6,511,SAMMIE JEAN III,IMO0000000,UNKNOWN,37.0,0.0,21.0,4.0,,0,B,32.72401,-117.22355
338336285,2021-11-14 00:00:10,48.55662,-122.87294,0.0,360.0,157,TENACITY,IMO0000000,UNKNOWN,37.0,0.0,10.0,4.0,,0,B,48.55662,-122.87294
338384678,2021-11-14 00:00:24,47.62927,-122.39471,0.0,103.2,511,TURTLES,IMO0000000,UNKNOWN,37.0,0.0,13.0,4.0,,0,B,47.62927,-122.39471
338391669,2021-11-14 00:00:17,32.64307,-117.2419,7.2,48.5,511,VELA SUPREMA,IMO0000000,UNKNOWN,37.0,0.0,0.0,0.0,,0,B,32.72253082647432,-117.1352383655986
338416267,2021-11-14 00:00:06,47.33429,-122.58405,0.3,360.0,511,TNT,IMO0000000,UNKNOWN,37.0,0.0,16.0,5.0,,0,B,47.33928663084249,-122.58405
338428111,2021-11-14 00:00:01,30.28408,-87.5643,0.0,360.0,511,JOURNEY,IMO0000000,UNKNOWN,37.0,0.0,16.0,4.0,,0,B,30.28408,-87.5643
338526000,2021-11-14 00:00:00,47.62912,-122.38212,0.0,216.2,181,UNIMAK,IMO8101680,WCY8622,30.0,0.0,56.0,12.0,3.7,30,A,47.62912,-122.38212
338678000,2021-11-14 00:00:16,36.91658,-76.17436,0.0,248.0,99,DOLORES CHOUEST,IMO8225931,WCP8847,70.0,5.0,54.0,12.0,4.0,35,A,36.91658,-76.17436
338752000,2021-11-14 00:00:11,49.2744,-123.77257,9.1,128.0,124,OCEAN RANGER,IMO9010656,WAM7635,31.0,11.0,35.0,9.0,,32,A,49.18108759547704,-123.58951107268128
338790000,2021-11-14 00:00:03,47.58937,-122.37959,0.0,134.5,227,SALLY FOX,IMO9776729,WDH7915,60.0,0.0,31.0,9.0,,60,A,47.58937,-122.37959
338888000,2021-11-14 00:00:00,47.35272,-90.45563,11.3,80.8,80,CLYDE S VAN ENKEVORT,IMO9618484,WDJ4194,31.0,0.0,41.0,15.0,5.5,31,A,47.382810667303865,-90.18140120485192
338888000,2021-11-14 00:01:10,47.35327,-90.45029,11.4,80.3,80,CLYDE S VAN ENKEVORT,IMO9618484,WDJ4194,31.0,0.0,41.0,15.0,5.5,31,A,47.385261410761494,-90.17403307876846
339244972,2021-11-14 00:00:05,34.80542,-76.68542,0.0,0.0,511,DEAD COW 53,IMO0607430,DEADCOW,51.0,3.0,25.0,16.0,2.0,51,A,34.80542,-76.68542
345000001,2021-11-14 00:00:00,32.34104,-117.09489,0.1,168.8,141,PACIFICA II,IMO7001091,XCPE,80.0,0.0,69.0,10.0,3.7,52,A,32.33940617640523,-117.09450709802996
354410000,2021-11-14 00:00:16,34.41871,-124.3843,11.7,270.8,280,SAGITTARIUS LEADER,IMO9283887,3EAB7,70.0,0.0,199.0,32.0,10.0,70,A,34.42143079057552,-124.62050168090008
354415000,2021-11-14 00:00:03,30.15129,-130.29895,21.0,267.4,266,MSC FABIENNE,IMO9279965,H3SF,70.0,0.0,294.0,32.0,13.6,70,A,30.135423652608427,-130.70302452264164
354544000,2021-11-14 00:00:13,46.51665,-125.35104,10.0,181.9,178,SHUN RU,IMO8307571,3FVS6,70.0,0.0,182.0,30.0,11.0,70,A,46.35018720751658,-125.35906468891964
354658000,2021-11-14 00:00:02,34.45225,-123.01565,10.8,267.8,274,NEW QUZHOU,IMO9579884,3FEU5,70.0,0.0,291.0,45.0,18.3,70,A,34.445344850408965,-123.23363032162766
354839000,2021-11-14 00:00:03,33.57021,-118.5846,0.4,132.9,331,HAMMERSMITH BRIDGE,IMO9395147,3FQE8,70.0,0.0,336.0,45.0,14.0,71,A,33.56567491881472,-118.57874273076959
366227210,2021-11-14 00:00:01,43.36334,-124.31773,6.8,206.2,200,MAVERICK,IMO7026998,WDK7492,52.0,0.0,36.0,11.0,6.5,90,A,43.26171923954525,-124.38650942262902
366336000,2021-11-14 00:00:04,40.2998,-73.92405,3.6,182.2,197,FUGRO ENTERPRISE,IMO9473585,WDD9388,90.0,0.0,51.0,12.0,3.1,99,A,40.23988462510534,-73.92706796944621
366341000,2021-11-14 00:00:22,28.84528,-116.93246,11.3,328.7,330,PRIDE,IMO9369423,WDE9046,31.0,0.0,41.0,12.0,5.8,57,A,29.00609464463435,-117.04408686327507
366384000,2021-11-14 00:00:02,38.95868,-74.87669,0.0,260.3,511,ALLIANCE,,WDF7948,30.0,0.0,34.0,10.0,4.0,30,A,38.95868,-74.87669
366637150,2021-11-14 00:00:05,47.5562,-122.34163,0.0,319.7,282,HARRY M,,WYR2936,31.0,15.0,28.0,9.0,,32,A,47.5562,-122.34163
366638000,2021-11-14 00:00:01,29.94925,-93.86391,0.0,252.2,511,SURF CHALLENGER,IMO9400693,WDF5385,90.0,0.0,89.0,17.0,5.0,70,A,29.94925,-93.86391
366811310,2021-11-14 00:00:01,47.59032,-122.34867,0.0,134.2,229,JAMES T QUIGG,IMO7129477,WDA4612,31.0,0.0,32.0,9.0,,31,A,47.59032,-122.34867
366811310,2021-11-14 00:01:10,47.59029,-122.34869,0.0,134.2,229,JAMES T QUIGG,IMO7129477,WDA4612,31.0,0.0,32.0,9.0,,31,A,47.59029,-122.34869
366816890,2021-11-14 00:00:00,29.54574,-90.70143,0.0,131.3,511,BUNNY BORDELON,IMO9260756,WDA5139,90.0,0.0,44.0,10.0,3.0,90,A,29.54574,-90.70143
366825190,2021-11-14 00:00:08,48.14068,-123.42551,0.0,239.5,294,PUGET SOUND,,WCZ5670,50.0,9.0,22.0,6.0,,50,A,48.14068,-123.42551
366826570,2021-11-14 00:00:01,29.08457,-95.0695,2.1,169.7,511,MARY BEA,IMO9242053,WDA5998,30.0,0.0,25.0,7.0,,0,B,29.050157227718014,-95.06234376015553
366833610,2021-11-14 00:00:08,47.9597,-125.34071,8.0,240.9,233,PHYLLIS DUNLAP,IMO8968246,WDA6552,31.0,0.0,37.0,11.0,4.7,32,A,47.89489897702359,-125.51456785551676
366836590,2021-11-14 00:00:02,40.89605,-73.92303,6.9,16.1,511,ELLEN MCALLISTER,IMO8980892,WDG3673,31.0,0.0,33.0,9.0,4.3,52,A,41.00646515135304,-73.88086866300156
366843280,2021-11-14 00:00:09,28.95411,-95.35496,0.0,283.2,511,FLING,,WDA7435,60.0,0.0,29.0,6.0,,60,A,28.95411,-95.35496
366844270,2021-11-14 00:00:04,34.35021,-120.4619,8.8,283.7,287,MILLENNIUM DAWN,IMO9258791,WDA7527,31.0,0.0,32.0,10.0,3.8,57,A,34.384922855035704,-120.63437715547076
366855710,2021-11-14 00:00:19,39.21162,-76.48149,0.1,37.1,511,GRAMMA LEE T MORAN,IMO9276470,WDA8564,31.0,5.0,28.0,9.0,4.3,52,A,39.212948410819415,-76.48019334526835
366862670,2021-11-14 00:00:03,38.04529,-122.12386,0.0,0.0,511,RIVERCAT,IMO8654340,WDA9209,31.0,0.0,17.0,7.0,1.8,52,A,38.04529,-122.12386
366863870,2021-11-14 00:00:00,41.08753,-72.3582,0.0,267.7,511,MASHOMACK,,WDA9320,60.0,0.0,38.0,13.0,,69,A,41.08753,-72.3582
366866000,2021-11-14 00:00:07,36.61672,-75.83686,6.9,157.3,511,ROSEWAY,,WDB8858,60.0,0.0,34.0,7.0,,69,A,36.51069960776369,-75.78160596322991
366871480,2021-11-14 00:00:06,35.1152,-90.08925,0.0,248.9,74,MARGUERITE L TERRAL,IMO8976530,WDB2020,31.0,12.0,30.0,9.0,,31,A,35.1152,-90.08925
366880670,2021-11-14 00:00:16,32.62232,-117.10077,0.0,0.0,511,WALELA,,WDB2860,37.0,0.0,14.0,4.0,,0,B,32.62232,-117.10077
366888800,2021-11-14 00:00:02,32.69606,-117.15199,0.0,151.8,73,TIOGA,,WDE7327,52.0,0.0,30.0,12.0,4.2,52,A,32.69606,-117.15199
366896390,2021-11-14 00:00:06,40.63916,-74.15143,0.0,244.9,511,G L 55,,WDB4250,90.0,3.0,48.0,18.0,,33,A,40.63916,-74.15143
366898190,2021-11-14 00:00:02,41.27455,-72.09664,14.8,35.0,30,MARY ELLEN,IMO8305652,WDB4416,60.0,0.0,85.0,14.0,2.7,60,A,41.47647135154614,-71.90851480056496
366904000,2021-11-14 00:00:23,48.51871,-122.58596,0.1,172.5,87,VISION,IMO9542609,WDF6306,31.0,1.0,41.0,12.0,5.8,32,A,48.51705870534234,-122.58563179177757
366909510,2021-11-14 00:00:07,34.22663,-77.9536,0.0,268.9,511,MARGARET MCALLISTER,IMO8990469,WDB5426,31.0,0.0,32.0,9.0,4.3,52,A,34.22663,-77.9536
366909530,2021-11-14 00:00:07,43.65767,-70.24793,0.1,299.8,511,RODERICK MCALLISTER,IMO6807216,WDB5428,31.0,0.0,32.0,8.0,3.8,52,A,43.658497731807195,-70.24992771446537
366916960,2021-11-14 00:00:00,36.99697,-89.19668,4.9,356.9,358,BILL STEGBAUER,,WCW2551,31.0,0.0,39.0,12.0,,31,A,37.078462212363625,-89.20220603100987
366929710,2021-11-14 00:00:00,48.42175,-123.37207,0.2,186.8,128,COHO,IMO5076949,WM4599,60.0,0.0,104.0,22.0,3.8,60,A,48.41844234527778,-123.37266431707451
366933130,2021-11-14 00:00:06,36.85221,-76.29747,0.0,0.0,511,WILLIAM BARRON,,WSS6709,37.0,0.0,13.0,4.0,,0,B,36.85221,-76.29747
366934480,2021-11-14 00:00:01,30.38947,-88.85929,0.9,26.6,511,JOKA'S WILD,,WDB6996,60.0,0.0,20.0,6.0,,0,B,30.402873275913187,-88.85150909480413
366934770,2021-11-14 00:00:10,42.04636,-124.26576,0.1,17.6,511,NOAH'S ARK,IMO8938954,WDH9179,30.0,7.0,22.0,6.0,,30,A,42.047947580629824,-124.26508183127673
366935390,2021-11-14 00:00:08,41.66321,-87.44735,0.0,228.8,511,MARY BURKE LILES,IMO8971085,WCY8041,31.0,12.0,27.0,9.0,,57,A,41.66321,-87.44735
366936680,2021-11-14 00:00:06,38.84209,-90.10577,0.0,236.2,357,DENNIS ROSS,,WDB7118,31.0,12.0,31.0,9.0,,57,A,38.84209,-90.10577
366936930,2021-11-14 00:00:00,32.38369,-90.87952,0.0,234.7,511,ANA LOUISE,,WDB7130,31.0,12.0,40.0,10.0,,57,A,32.38369,-90.87952
366938710,2021-11-14 00:00:04,47.88893,-89.55498,12.3,237.9,236,AMERICAN MARINER,IMO7812567,WQZ7791,70.0,0.0,222.0,23.0,9.2,70,A,47.78006669618503,-89.81377920981214
366938760,2021-11-14 00:00:09,41.59468,-81.90832,10.5,301.1,296,SAM LAUD,IMO7390210,WZC7602,70.0,0.0,193.0,20.0,8.3,70,A,41.685012422676515,-82.108552425383
366939710,2021-11-14 00:00:04,40.64144,-74.12959,0.1,118.2,280,MIRIAM MORAN,IMO7908146,WQZ6572,31.0,0.0,30.0,9.0,3.9,52,A,40.64065294609121,-74.127655566011
366943960,2021-11-14 00:00:08,33.355,-118.32717,0.2,252.3,511,CATALINA EXPRESS,IMO8967888,WCJ6210,60.0,0.0,30.0,6.0,,40,A,33.35398723935376,-118.33096920346993
366947620,2021-11-14 00:00:01,48.12469,-123.45028,0.0,172.1,511,LU-LU BELLE,,WYE6753,60.0,0.0,22.0,5.0,,60,A,48.12469,-123.45028
366953940,2021-11-14 00:00:02,44.11217,-69.10162,0.1,240.6,511,STARLIGHT,IMO7731256,WDB8157,30.0,0.0,23.0,7.0,,30,A,44.111352378388,-69.10364101409748
366961530,2021-11-14 00:00:02,42.17389,-90.26235,4.9,281.5,282,JOE B WYATT,,WDB8613,31.0,0.0,48.0,13.0,,57,A,42.19016074351182,-90.37026001580104
366963250,2021-11-14 00:00:15,36.75439,-89.11772,0.0,151.0,25,ALVIN C JOHNSON,,WDB8721,31.0,12.0,41.0,10.0,,52,A,36.75439,-89.11772
366963340,2021-11-14 00:00:00,36.82081,-89.14729,0.7,346.4,0,DICK TOMAYKO,,WDB8729,31.0,0.0,18.0,7.0,,52,A,36.832141904064095,-89.15071464587398
366963380,2021-11-14 00:00:06,33.9917,-88.51137,0.1,62.7,115,FRANCIS R KEEGAN,,WDB8733,31.0,0.0,38.0,11.0,,57,A,33.99246390083661,-88.50958493473779
366967470,2021-11-14 00:00:04,36.78447,-89.12632,0.0,153.7,511,WILLARD HAMMOND,,WDB8984,31.0,0.0,22.0,8.0,,31,A,36.78447,-89.12632
366968000,2021-11-14 00:00:01,29.70768,-84.59079,10.1,266.8,264,CG BARBARA MABRITY,IMO9177272,NERA,90.0,0.0,53.0,10.0,2.4,55,A,29.6982897117314,-84.78416365909654
366970360,2021-11-14 00:00:38,41.78794,-90.24033,4.1,201.7,511,LOUISIANA LEGEND,,WDB9136,31.0,0.0,19.0,7.0,,31,A,41.72449205632965,-90.27419326729395
366970430,2021-11-14 00:00:10,46.18995,-123.85416,0.0,219.5,511,TRIUMPH II,,WY6769,60.0,0.0,18.0,9.0,,0,B,46.18995,-123.85416
366970770,2021-11-14 00:00:01,30.05472,-90.84787,0.0,16.4,511,LOUISIANA LADY,,WDB9160,31.0,15.0,28.0,9.0,,31,A,30.05472,-90.84787
366973830,2021-11-14 00:00:08,35.29165,-75.43867,2.4,211.5,511,TAMARA ALANE,IMO8939063,WDH9252,30.0,0.0,23.0,7.0,,0,B,35.25756737485798,-75.4642584609604
366976870,2021-11-14 00:00:02,47.27022,-122.4193,0.0,306.6,37,HENRY FOSS,IMO8127555,WRB5165,31.0,0.0,30.0,10.0,4.9,31,A,47.27022,-122.4193
366978720,2021-11-14 00:00:04,33.76034,-118.26767,0.5,226.0,56,MILLENNIUM FALCON,IMO9219575,WCZ8082,31.0,5.0,32.0,11.0,4.9,31,A,33.75455508093529,-118.27487553283635
366979560,2021-11-14 00:00:03,47.66143,-122.38468,0.0,266.3,511,DUCK SOUP,,WCO8216,37.0,0.0,20.0,5.0,,0,B,47.66143,-122.38468
366980230,2021-11-14 00:00:00,47.26795,-122.39947,0.1,300.7,137,LELA JOY,IMO7316460,WBP2597,31.0,0.0,25.0,7.0,3.3,32,A,47.268800331496685,-122.40158049717735
366982320,2021-11-14 00:00:03,47.62292,-122.37013,0.0,144.3,45,MARSHALL FOSS,IMO8971877,WDB9762,31.0,0.0,28.0,12.0,3.8,52,A,47.62292,-122.37013
366983440,2021-11-14 00:00:02,45.96765,-85.87186,0.0,325.0,349,JOYCE L VANENKEVORT,IMO8973033,WDB9821,31.0,0.0,41.0,15.0,,57,A,45.96765,-85.87186
366984180,2021-11-14 00:00:01,40.06288,-91.49047,5.1,164.0,172,AMERICAN BEAUTY,,WDB9866,31.0,12.0,48.0,13.0,,57,A,39.98122781276039,-91.4598778025453
366984310,2021-11-14 00:00:06,35.09021,-90.17557,0.0,246.0,181,CRIMSON DUKE,,WDB9874,31.0,12.0,59.0,16.0,,57,A,35.09021,-90.17557
366986260,2021-11-14 00:00:05,35.11486,-75.98665,2.1,8.6,511,CEDAR ISLAND,IMO9102021,WCP5499,60.0,0.0,63.0,11.0,,60,A,35.1494431544047,-75.9802561041685
366988190,2021-11-14 00:00:07,40.7738,-91.09506,4.6,194.0,193,PRAIRIE DAWN,IMO8332447,WDC2117,31.0,12.0,46.0,12.0,,57,A,40.69946078686563,-91.11953510896348
366988420,2021-11-14 00:00:03,38.09479,-74.88145,8.6,29.2,26,C ANGELO,IMO8964460,WCZ5866,31.0,11.0,30.0,9.0,3.6,52,A,38.21982452206533,-74.792656835693
366990450,2021-11-14 00:00:05,47.27497,-122.81855,5.5,212.3,511,CHARLIE WELLS,,WAH4742,60.0,0.0,19.0,10.0,,99,A,47.197539875326065,-122.89069545083633
366991260,2021-11-14 00:00:00,29.25172,-91.49022,2.8,219.9,511,CAPT JOHN E GRAHAM,IMO8988428,WDC2329,90.0,3.0,41.0,10.0,,33,A,29.215943083450828,-91.52450628686583
366993230,2021-11-14 00:00:01,39.69305,-80.86275,0.1,276.5,511,LADY G II,,WYT8455,31.0,15.0,18.0,8.0,,57,A,39.693238544889795,-80.8649005999403
366993970,2021-11-14 00:00:09,41.19063,-73.94394,0.2,76.0,511,BUCHANAN #12,,WDC2499,31.0,12.0,26.0,9.0,,52,A,41.191435862936686,-73.93964492684314
366995660,2021-11-14 00:00:04,38.93986,-90.3438,7.9,130.8,130,DIXIE CHALLENGE,,WDC2619,31.0,12.0,30.0,10.0,,57,A,38.85388425936736,-90.215742563841
366996190,2021-11-14 00:00:03,35.70762,-76.01293,6.1,174.1,174,CREOLE TUT,,WDC2667,31.0,0.0,17.0,6.0,,52,A,35.60656002357268,-76.00006860023632
366996510,2021-11-14 00:00:01,29.77402,-95.10144,0.0,287.0,511,JANE L,,WDD4045,0.0,0.0,0.0,0.0,0.0,0,A,29.77402,-95.10144
366997750,2021-11-14 00:00:10,28.69352,-95.94998,0.0,128.0,249,FATHER SEELOS,IMO8991011,WDC2789,31.0,12.0,22.0,10.0,2.3,57,A,28.69352,-95.94998
366998050,2021-11-14 00:00:01,30.02246,-93.9831,0.0,3.2,511,SAINTE MARIE,IMO8983143,WDC2815,31.0,12.0,22.0,10.0,,57,A,30.02246,-93.9831
366999333,2021-11-14 00:00:07,42.20754,-90.35623,3.3,305.1,511,GENERAL WARREN,,AEAJ,90.0,0.0,27.0,9.0,,31,A,42.239143978746455,-90.41693869472172
366999979,2021-11-14 00:00:12,45.63052,-86.51332,9.0,233.7,234,CG MOBILE BAY,,NRUR,90.0,12.0,42.0,11.0,,55,A,45.54177786074963,-86.68607958676644
367000140,2021-11-14 00:00:06,40.69985,-74.01327,0.0,249.0,173,SAMUEL I NEWHOUSE,IMO7702774,WYR3371,60.0,0.0,94.0,21.0,,60,A,40.69985,-74.01327
367000150,2021-11-14 00:00:03,40.64487,-74.07142,0.0,27.0,57,ANDREW J BARBERI,IMO7702762,WYR3370,60.0,0.0,94.0,21.0,4.1,69,A,40.64487,-74.07142
367001740,2021-11-14 00:00:04,33.34583,-118.32046,2.9,212.2,220,CATALINA FLYER,,WTD8887,60.0,0.0,34.0,11.0,,60,A,33.30495822289846,-118.35127077268399
367001830,2021-11-14 00:00:00,38.0941,-121.64989,2.5,302.2,120,TERRI L BRUSCO,IMO7618155,WDC3034,31.0,0.0,21.0,7.0,,32,A,38.11628821696869,-121.69466046406836
367003780,2021-11-14 00:00:01,29.78691,-95.08266,1.2,192.4,230,PHILIP,,WDF2430,31.0,12.0,21.0,8.0,,57,A,29.767389716684303,-95.0876051741283
367004280,2021-11-14 00:00:01,30.17024,-91.00991,5.0,319.7,511,CSS RICHMOND,,WDC3231,31.0,0.0,16.0,6.0,,57,A,30.233752868312394,-91.0722125899518
367005070,2021-11-14 00:00:13,47.65826,-122.37793,0.0,0.0,511,CHIEF SEATTLE,IMO8992962,WDC3277,90.0,5.0,27.0,7.0,,51,A,47.65826,-122.37793
367005270,2021-11-14 00:00:01,29.93913,-92.67975,4.9,111.6,113,C J BOYNE,IMO8975859,WDC3285,31.0,5.0,21.0,9.0,,0,A,29.90908675260094,-92.5921843125317
367005760,2021-11-14 00:00:01,29.93435,-93.13235,5.2,269.4,272,MELVIN L KING,,WUT9921,31.0,0.0,23.0,9.0,,32,A,29.933443056915486,-93.23228508545353
367006770,2021-11-14 00:00:02,33.54324,-118.04454,5.9,140.4,140,ROBYN J,,WTQ4065,90.0,0.0,32.0,7.0,,32,A,33.467523918743204,-117.96938689145267
367008160,2021-11-14 00:00:02,29.67535,-91.22657,0.0,124.2,511,BASIN ENDEAVOR,,WCW3556,31.0,15.0,17.0,7.0,,31,A,29.67535,-91.22657
367011820,2021-11-14 00:00:00,42.43875,-90.56126,0.0,195.5,318,JINX P SMITH,,WDF5817,31.0,0.0,32.0,10.0,,31,A,42.43875,-90.56126
367012670,2021-11-14 00:00:02,39.717,-75.51705,0.0,275.6,511,TINA,IMO8973007,WDC3702,31.0,0.0,19.0,7.0,,52,A,39.717,-75.51705
367014480,2021-11-14 00:00:07,33.76721,-118.22042,0.1,162.5,511,DURANGO,,WDC3807,31.0,0.0,18.0,7.0,,52,A,33.76562154282296,-118.21981752556367
367015830,2021-11-14 00:00:00,38.27813,-85.79483,0.0,108.7,511,ARLENE,IMO8991061,WDF2437,31.0,12.0,37.0,10.0,,31,A,38.27813,-85.79483
367016050,2021-11-14 00:00:10,33.72558,-118.21725,0.5,145.4,511,MAKO,,WDC3906,95.0,0.0,14.0,5.0,0.0,95,A,33.71872515238902,-118.21156428802566
367016520,2021-11-14 00:00:45,33.22061,-87.55199,4.8,68.6,63,MISS MORGAN,,WDC3931,31.0,5.0,15.0,6.0,,31,A,33.24978047350925,-87.46301416288857
367028910,2021-11-14 00:00:01,29.31702,-94.86348,5.8,50.7,49,NELDA FAYE,IMO8993837,WCX5150,31.0,0.0,19.0,7.0,,31,A,29.378205561128738,-94.77774528010733
367029470,2021-11-14 00:00:05,42.36277,-71.03154,0.0,291.2,197,CHELSEA,,WDC4722,50.0,0.0,16.0,5.0,,50,A,42.36277,-71.03154
367033430,2021-11-14 00:00:11,48.75423,-122.50489,0.0,289.1,511,ALRITA,,WAH9458,30.0,5.0,20.0,6.0,2.4,30,A,48.75423,-122.50489
367035950,2021-11-14 00:00:04,48.42655,-123.30205,0.0,125.6,511,PIZZAZ PLUS,,WDC5110,37.0,0.0,9.0,9.0,,0,B,48.42655,-123.30205
367046140,2021-11-14 00:00:03,32.63744,-117.24268,8.2,94.9,511,JIG STRIKE,,WDC5769,60.0,0.0,15.0,5.0,,60,A,32.62577421990843,-117.0810894390058
367047150,2021-11-14 00:00:03,45.63728,-121.94708,0.0,28.8,253,CAPTAIN BOB,,WDC5835,31.0,0.0,30.0,10.0,,57,A,45.63728,-121.94708
367047240,2021-11-14 00:00:07,45.64542,-122.7414,2.4,312.6,511,DEFIANCE,,WDC5842,31.0,0.0,26.0,9.0,,57,A,45.672476794773225,-122.78348865765744
367057670,2021-11-14 00:00:09,36.20251,-89.66322,0.0,233.0,124,ELIZABETH DEWEY,,WDC6540,31.0,12.0,48.0,13.0,,31,A,36.20251,-89.66322
367061980,2021-11-14 00:00:04,40.64077,-74.12976,0.0,233.6,208,KIMBERLY TURECAMO,IMO7914573,WDC6838,31.0,0.0,30.0,9.0,,52,A,40.64077,-74.12976
367065250,2021-11-14 00:00:06,46.48492,-84.29755,0.0,223.9,511,DRUMMOND ISLANDE III,,WDC7041,60.0,0.0,30.0,11.0,,60,A,46.48492,-84.29755
367078250,2021-11-14 00:00:01,42.38023,-71.04186,0.0,254.2,359,JASON REINAUER,IMO7437056,WDC7869,31.0,0.0,28.0,8.0,4.1,52,A,42.38023,-71.04186
367079510,2021-11-14 00:00:02,27.8205,-97.47508,0.0,218.4,287,JOE RAY BEAUBOUEF,,WDC7955,31.0,12.0,22.0,9.0,,57,A,27.8205,-97.47508
367080570,2021-11-14 00:00:03,41.41203,-91.05657,0.0,131.8,511,LAUREN,,WDC8027,31.0,0.0,20.0,7.0,2.5,31,A,41.41203,-91.05657
367080670,2021-11-14 00:00:00,24.55047,-81.8092,0.0,360.0,511,HERCULES,,WDI7674,31.0,0.0,18.0,5.0,,52,A,24.55047,-81.8092
367082220,2021-11-14 00:00:08,45.84763,-85.04881,11.8,280.6,282,STR WILFRED SYKES,IMO5389554,WC5932,70.0,0.0,202.0,21.0,7.8,70,A,45.883782721684874,-85.32614130425712
367084930,2021-11-14 00:00:04,44.4199,-83.20647,10.8,9.0,8,SAMUEL DE CHAMPLAIN,IMO7433799,WDC8307,31.0,0.0,45.0,11.0,3.8,70,A,44.59756410491368,-83.1670719847459
367087240,2021-11-14 00:01:10,40.99073,-73.10112,14.7,342.4,336,PARK CITY,IMO8700709,WTX9790,60.0,0.0,87.0,14.0,,60,A,41.224104352583666,-73.19919785378572
367089220,2021-11-14 00:00:11,47.66078,-122.37675,0.1,49.5,511,MIDNIGHT SUN,,WDC8554,60.0,0.0,19.0,5.0,,0,B,47.661861684049626,-122.37486959281841
367093970,2021-11-14 00:00:06,39.20893,-76.58308,0.0,247.9,511,CAPT STEVE,,WYB7050,31.0,15.0,17.0,6.0,,52,A,39.20893,-76.58308
367100870,2021-11-14 00:00:07,33.93085,-77.99654,0.1,237.9,210,RANGER,,WDC9335,60.0,0.0,23.0,8.0,,60,A,33.929964932489305,-77.99824049216082
367102610,2021-11-14 00:00:01,32.44671,-88.00526,5.6,228.4,234,ALICE PARKER,IMO8850944,WCY2903,31.0,12.0,32.0,10.0,,57,A,32.38478530842959,-88.08790986111721
367102610,2021-11-14 00:01:02,32.44575,-88.00674,5.6,235.6,238,ALICE PARKER,IMO8850944,WCY2903,31.0,12.0,32.0,10.0,,57,A,32.39305527765308,-88.09793412108965
367103180,2021-11-14 00:00:01,33.51323,-88.48893,2.9,359.6,1,JACKSON PLATTE,,WDC9506,31.0,0.0,35.0,10.0,,31,A,33.56152958775512,-88.48933443398286
367104060,2021-11-14 00:00:04,34.33194,-119.60922,12.7,272.0,335,ALAN T,IMO8982577,WDC9571,60.0,0.0,28.0,7.0,,42,A,34.33932208250153,-119.86521330834252
367112420,2021-11-14 00:00:20,47.65638,-122.37949,0.0,360.0,511,ADIRONDACK,,WDI9967,30.0,0.0,14.0,5.0,,0,B,47.65638,-122.37949
367120550,2021-11-14 00:00:04,39.85248,-75.24433,5.6,68.6,511,HIGH ROLLER,IMO7045970,WDD2839,31.0,0.0,28.0,8.0,4.2,52,A,39.88651221909412,-75.13121245510443
367121010,2021-11-14 00:00:06,47.70025,-90.09158,12.7,241.4,238,AMERICAN CENTURY,IMO7923196,WDD2876,70.0,0.0,304.0,32.0,10.4,0,A,47.5989951647727,-90.3675264229211
367131290,2021-11-14 00:00:28,34.21729,-77.81265,0.0,254.7,127,DIDAY,,WDD3434,37.0,5.0,25.0,5.0,,37,A,34.21729,-77.81265
367133160,2021-11-14 00:00:05,40.70406,-124.51153,7.1,198.6,200,TECUMSEH,IMO7511503,WTW9257,31.0,0.0,37.0,10.0,4.2,31,A,40.59198297676732,-124.56128422273966
367135070,2021-11-14 00:00:01,29.70883,-91.21872,0.0,121.5,511,CARRIE MAE,,WDD3706,31.0,15.0,16.0,7.0,,31,A,29.70883,-91.21872
367139820,2021-11-14 00:00:02,48.6706,-123.40668,0.0,12.4,66,INVICTUS,,WDD4072,37.0,15.0,21.0,6.0,,30,A,48.6706,-123.40668
367146720,2021-11-14 00:00:12,32.57226,-117.41451,10.0,69.4,511,MALIHINI,,WDD4591,60.0,0.0,22.0,5.0,,0,B,32.63086076106965,-117.22950659893104
367148710,2021-11-14 00:00:06,39.94142,-75.14052,0.0,341.0,511,SPIRITOFPHILADELPHIA,,WDD4763,60.0,0.0,47.0,10.0,,60,A,39.94142,-75.14052
367148870,2021-11-14 00:00:00,39.94159,-75.14095,0.0,0.0,511,FREEDOM ELITE,,WDD4775,60.0,15.0,24.0,6.0,,69,A,39.94159,-75.14095
367150450,2021-11-14 00:00:19,33.2065,-117.39392,0.0,360.0,511,OCEANSIDE 95,,WDJ6255,60.0,0.0,25.0,7.0,,60,A,33.2065,-117.39392
367152940,2021-11-14 00:00:08,33.46064,-117.70274,0.0,294.7,195,OUTWARD BOUND,,WDD5046,37.0,5.0,27.0,9.0,,37,A,33.46064,-117.70274
367156340,2021-11-14 00:00:01,46.16725,-123.9179,0.2,173.6,178,GRANADA,IMO7047849,WDD5300,30.0,15.0,21.0,6.0,,30,A,46.16393967237657,-123.91736385138162
367159210,2021-11-14 00:00:05,36.83869,-76.2913,0.0,315.0,511,ARAPAHO,,WDD5495,31.0,0.0,16.0,6.0,,52,A,36.83869,-76.2913
367168250,2021-11-14 00:00:00,26.71499,-80.05002,0.0,314.3,511,CONSTELLATION,,WDD6097,37.0,0.0,33.0,6.0,,37,A,26.71499,-80.05002
367179250,2021-11-14 00:00:03,37.73014,-122.33749,7.2,172.0,511,AILINE ELIZABETH,,WCX4766,60.0,0.0,18.0,5.0,,60,A,37.61138790460956,-122.31638811353076
367185880,2021-11-14 00:00:04,32.72295,-117.22655,0.0,360.0,511,GREAT ESCAPE,,WDD7397,60.0,0.0,22.0,7.0,,60,A,32.72295,-117.22655
367186840,2021-11-14 00:00:01,29.62736,-91.07616,5.7,120.3,511,KENNETH S SETTOON,,WDD7467,31.0,5.0,15.0,6.0,,12,A,29.579462172565247,-90.98186438560595
367187080,2021-11-14 00:00:18,46.19665,-123.80257,0.0,0.0,511,OCEAN BEAUT,IMO7932185,WDD7485,30.0,0.0,19.0,6.0,,0,B,46.19665,-123.80257
367190280,2021-11-14 00:00:03,41.34053,-71.50752,5.7,299.4,511,CODY,IMO8853207,WDD7719,30.0,0.0,21.0,6.0,,0,B,41.38713443188409,-71.61768231313562
367219000,2021-11-14 00:00:02,31.91216,-118.72558,13.5,180.6,180,USNS GUADALUPE,IMO8822442,NLUP,80.0,3.0,206.0,29.0,,89,A,31.687323940667973,-118.72835379675911
367299170,2021-11-14 00:00:00,27.84582,-97.226,0.0,326.2,46,SIGNET COLUMBIA,,WDD8515,31.0,15.0,18.0,7.0,,31,A,27.84582,-97.226
367300490,2021-11-14 00:00:06,41.38057,-71.51176,0.0,132.5,511,SHADY LADY,,WDD8618,30.0,0.0,19.0,5.0,,0,B,41.38057,-71.51176
367301450,2021-11-14 00:00:03,46.1775,-123.4238,4.4,140.7,140,GRIZZLY,,WDD8688,31.0,15.0,28.0,7.0,,31,A,46.12078995673358,-123.35676526217787
367302540,2021-11-14 00:00:29,33.77166,-118.21189,0.0,50.2,156,SCORPIUS,IMO7210783,WDD8770,31.0,5.0,35.0,9.0,4.2,31,A,33.77166,-118.21189
367303910,2021-11-14 00:00:02,40.74826,-74.00913,0.1,92.1,511,MANHATTAN,,WDD8872,60.0,0.0,23.0,4.0,,99,A,40.74819896830497,-74.00693298521276
367304530,2021-11-14 00:00:14,40.6495,-74.09004,2.8,226.3,511,THOMAS D WITTE,IMO8841905,WDD8916,31.0,5.0,25.0,8.0,3.2,52,A,40.61728054593865,-74.13447830487782
367305920,2021-11-14 00:00:03,37.81408,-122.32093,6.9,81.7,109,SANDRA HUGH,IMO9369227,WDD9019,31.0,0.0,23.0,10.0,,52,A,37.83066977686318,-122.17698296514124
367307320,2021-11-14 00:00:00,44.48943,-124.13099,10.7,11.6,1,B J THOMAS,IMO7647778,WDD9131,30.0,15.0,23.0,6.0,,0,A,44.66400320726701,-124.08075766090937
367308610,2021-11-14 00:00:05,33.77163,-118.21023,0.0,301.9,253,SARAH C,,WDD9226,31.0,0.0,19.0,6.0,,31,A,33.77163,-118.21023
367309480,2021-11-14 00:00:00,46.07668,-122.89554,4.4,30.8,340,W E IVANOFF,,WDD9292,31.0,0.0,16.0,6.0,,53,A,46.13962794753076,-122.84144633416034
367314740,2021-11-14 00:00:00,35.08354,-90.09322,0.0,215.4,511,MAGNOLIA STATE,,WDD9675,31.0,12.0,15.0,5.0,0.0,31,A,35.08354,-90.09322
367315790,2021-11-14 00:00:06,45.80947,-122.79451,7.0,203.1,196,LORI B,,WDD9745,31.0,0.0,17.0,9.0,,31,A,45.70222980252771,-122.86013232785167
367319230,2021-11-14 00:00:00,38.40361,-82.55686,0.0,179.6,511,R H BEYMER,,WDE2014,31.0,8.0,18.0,7.0,,52,A,38.40361,-82.55686
367320740,2021-11-14 00:00:03,37.07148,-88.54684,0.1,91.2,300,TENNESSEE,IMO8836584,WDE2124,31.0,0.0,42.0,12.0,,52,A,37.0714451194863,-88.5447530072164
367320750,2021-11-14 00:00:02,38.81874,-82.10491,0.0,206.8,511,LAWSON W HAMILTON JR,,WDE2126,31.0,0.0,24.0,8.0,,31,A,38.81874,-82.10491
367321000,2021-11-14 00:00:10,34.00939,-118.72343,8.3,280.1,511,EXHALE,IMO0000000,WDL8029,37.0,0.0,15.0,8.0,,0,B,34.033632717254655,-118.88761180592407
367323610,2021-11-14 00:00:12,48.51287,-122.64469,0.0,267.5,63,MIKETTE,IMO8036976,WDE2331,30.0,5.0,21.0,6.0,,30,A,48.51287,-122.64469
367336720,2021-11-14 00:00:01,40.73557,-73.97321,0.1,296.6,511,JEWEL,,WDE3274,60.0,0.0,24.0,8.0,,60,A,40.736315762289436,-73.97517541530615
367347130,2021-11-14 00:00:04,40.40906,-73.996,0.0,230.5,511,SEASTREAK NEW YORK,IMO8967620,WDE3997,60.0,15.0,42.0,10.0,2.0,60,A,40.40906,-73.996
367352890,2021-11-14 00:00:04,42.34397,-70.96089,0.0,317.4,511,SMITH PREDATOR,IMO9518775,WDE4416,31.0,0.0,26.0,9.0,3.1,31,A,42.34397,-70.96089
367361620,2021-11-14 00:00:04,40.74732,-74.00979,0.1,265.7,511,CELESTIAL,,WDE5068,60.0,15.0,56.0,11.0,,60,A,40.74719511966034,-74.01198227185958
367361740,2021-11-14 00:00:01,34.04514,-90.88381,1.0,35.7,511,RICHARD,,WDF2374,31.0,12.0,29.0,9.0,,90,A,34.05866560532381,-90.87208037003703
367365310,2021-11-14 00:00:08,42.60949,-73.76235,0.1,268.3,511,MARY KAY,IMO7408005,WDI9106,31.0,15.0,28.0,9.0,4.0,52,A,42.60944058957661,-73.76461201705395
367368820,2021-11-14 00:00:02,43.65803,-70.24799,0.0,177.3,313,ANDREW MCALLISTER,IMO9424950,WDE5582,31.0,15.0,29.0,10.0,3.7,52,A,43.65803,-70.24799
367369720,2021-11-14 00:00:08,37.81997,-122.3605,0.0,335.2,195,ALTA JUNE,IMO9552290,WDE5645,31.0,0.0,23.0,10.0,,31,A,37.81997,-122.3605
367371830,2021-11-14 00:00:00,36.9332,-76.36945,0.1,14.8,289,PATUXENT,IMO9544229,WDE5805,31.0,0.0,30.0,10.0,,32,A,36.934810286520914,-76.36891773856603
367371890,2021-11-14 00:00:23,38.80095,-73.92744,4.5,294.8,511,RELENTLESS,IMO8111154,WBY9302,30.0,7.0,23.0,7.0,,30,A,38.83238770818142,-74.01474274195752
367372810,2021-11-14 00:00:00,30.26493,-88.03722,17.0,7.2,511,SEA ANGEL,IMO9551222,WDE5879,60.0,0.0,48.0,9.0,,60,A,30.54583975189931,-87.99613283820605
367375650,2021-11-14 00:00:09,48.64037,-123.18351,7.5,165.2,511,MARTHA,,WCY6838,37.0,0.0,17.0,4.0,,0,B,48.51959851093159,-123.13522002419579
367377380,2021-11-14 00:00:08,42.35558,-71.04969,0.0,72.2,277,FREEDOM,,WYR2173,60.0,0.0,29.0,12.0,,60,A,42.35558,-71.04969
367383660,2021-11-14 00:00:05,38.85198,-90.11235,0.0,223.2,310,KEVIN MICHAEL,IMO8424159,WDE6709,31.0,12.0,54.0,12.0,,57,A,38.85198,-90.11235
367387230,2021-11-14 00:00:05,45.60764,-122.6841,0.1,236.3,127,SANDWICK,,WDE6970,90.0,0.0,22.0,6.0,,31,A,45.606715882407016,-122.68608073060535
367387830,2021-11-14 00:00:00,28.98941,-80.65173,6.2,160.3,511,DISCOVERY,,WDE7013,37.0,0.0,13.0,4.0,,0,B,28.892190264262364,-80.61193425869229
367388280,2021-11-14 00:00:09,44.57038,-124.85653,2.9,319.6,314,NEW LIFE,IMO7201756,WDE7050,30.0,0.0,21.0,6.0,,30,A,44.60716288268666,-124.90047325224997
367389230,2021-11-14 00:00:00,48.51923,-122.62371,0.0,222.2,348,GUEMES,,WDE7121,60.0,0.0,37.0,10.0,,60,A,48.51923,-122.62371
367391260,2021-11-14 00:00:00,29.32765,-94.77378,0.0,135.2,511,ROBERT H DEDMAN,IMO9207003,WCY9892,60.0,0.0,80.0,19.0,3.2,0,A,29.32765,-94.77378
367400420,2021-11-14 00:00:07,40.94784,-73.0703,0.0,263.0,511,PT BARNUM,IMO8654285,WCZ3919,60.0,15.0,88.0,15.0,,60,A,40.94784,-73.0703
367400740,2021-11-14 00:00:00,30.38779,-81.55692,0.0,273.9,511,CATHLEEN E MORAN,IMO6608684,WDE8034,31.0,0.0,31.0,8.0,4.7,31,A,30.38779,-81.55692
367401030,2021-11-14 00:00:03,33.74021,-118.27815,0.0,304.4,10,DELTA BILLIE,IMO9562207,WDE8059,31.0,0.0,30.0,12.0,,31,A,33.74021,-118.27815
367402410,2021-11-14 00:00:01,39.00714,-81.76313,5.2,190.7,187,JANIS R BREWER,,WDE8175,31.0,0.0,40.0,10.0,,31,A,38.92203760763922,-81.78382352188312
367402930,2021-11-14 00:00:00,37.90164,-87.48297,0.0,120.5,95,JEAN AKIN,,WDE8216,31.0,15.0,28.0,7.0,,31,A,37.90164,-87.48297
367405720,2021-11-14 00:00:02,44.087,-91.66949,0.0,133.7,320,JODY MCMINN,,WDE8456,31.0,0.0,32.0,9.0,,57,A,44.087,-91.66949
367412560,2021-11-14 00:00:03,38.7675,-82.2117,4.2,301.1,511,DARRELL L,,WDF6742,31.0,8.0,43.0,9.0,,31,A,38.803632969070605,-82.28852291190778
367412830,2021-11-14 00:00:08,44.58862,-124.14206,7.2,181.3,179,ECHO BELLE,IMO803463100,WDE9050,30.0,0.0,33.0,8.0,4.0,30,A,44.468731725849096,-124.14588024341889
367416420,2021-11-14 00:00:01,21.31008,-157.86886,0.0,21.5,511,FREEDOM,IMO8666501,WDE9353,31.0,0.0,26.0,10.0,,31,A,21.31008,-157.86886
367419340,2021-11-14 00:00:09,37.80207,-122.39902,0.0,1.0,511,DELTA CATHRYN,IMO9562219,WDE9621,31.0,0.0,30.0,12.0,,52,A,37.80207,-122.39902
367421660,2021-11-14 00:00:06,47.05124,-122.90567,0.0,360.0,511,CAPT BOB CAMPBELL,,WDE9819,31.0,0.0,21.0,7.0,,52,A,47.05124,-122.90567
367422010,2021-11-14 00:00:01,33.776,-118.24437,0.0,360.0,511,VALKYRIE,,WCZ5436,33.0,3.0,62.0,22.0,0.0,33,A,33.776,-118.24437
367428690,2021-11-14 00:00:03,41.61262,-71.4073,0.0,157.2,313,BERING DAWN,,WDF2490,31.0,0.0,24.0,8.0,,32,A,41.61262,-71.4073
367430330,2021-11-14 00:00:00,40.13908,-80.70493,3.4,189.7,511,JACKIE ENGLERT,,WDF2652,31.0,12.0,40.0,10.0,,31,A,40.08326110797447,-80.71741073782188
367433570,2021-11-14 00:00:20,39.44141,-91.03288,0.0,360.0,511,CHATTIE SUE SMITH,,WDF2924,31.0,0.0,14.0,4.0,,52,A,39.44141,-91.03288
367433690,2021-11-14 00:00:01,39.34535,-81.5492,4.7,37.9,42,CANTON,,WDH3051,31.0,0.0,32.0,9.0,,57,A,39.407119936051046,-81.487019500255
367435890,2021-11-14 00:00:15,34.74111,-76.34999,7.0,196.5,511,MISS KELLY,,WDF3104,30.0,0.0,19.0,6.0,,0,B,34.629323073942075,-76.39028617967445
367436830,2021-11-14 00:00:00,30.01,-93.99171,0.0,237.4,511,TEXAS CUTTER,,WDF3173,90.0,0.0,27.0,9.0,,98,A,30.01,-93.99171
367438210,2021-11-14 00:00:01,32.53336,-80.41301,6.2,180.4,186,INDEPENDENCE,IMO9583366,WDF3297,60.0,0.0,67.0,15.0,2.3,60,A,32.430098812385616,-80.41386509336058
367438630,2021-11-14 00:00:09,39.44102,-91.03239,0.0,115.0,322,A STEVE CROWLEY,,WDF3329,31.0,12.0,46.0,12.0,,57,A,39.44102,-91.03239
367439360,2021-11-14 00:00:03,33.49658,-88.46849,2.1,264.3,274,RICHARD TOLAR,,WDF3395,31.0,12.0,25.0,9.0,,57,A,33.49310615112614,-88.51022485341916
367448040,2021-11-14 00:00:11,37.81528,-122.41195,3.9,344.6,511,BAY WOLF,,WDF4104,60.0,0.0,15.0,3.0,,0,B,37.87790397481462,-122.43378506514779
367451110,2021-11-14 00:00:03,28.897,-95.3817,5.6,55.0,53,MISS ROLANETTE,,WDF4373,31.0,0.0,23.0,10.0,,57,A,28.950497727964684,-95.29443151222951
367453560,2021-11-14 00:00:22,41.48829,-71.31864,0.1,74.9,163,GROUSE III,,WDF4587,37.0,1.0,17.0,5.0,,37,A,41.48872388162083,-71.31649334959887
367456350,2021-11-14 00:00:04,35.20772,-90.06051,0.0,125.0,511,JAMES T,,WDF4835,31.0,15.0,20.0,7.0,,31,A,35.20772,-90.06051
367458050,2021-11-14 00:00:00,30.96632,-87.98782,5.2,120.4,511,TOM HUCKABEE,,WDF4986,31.0,12.0,37.0,10.0,,31,A,30.92249329217213,-87.90070228956579
367459590,2021-11-14 00:00:11,39.9044,-74.01343,7.6,178.4,511,DISCOVERY II,IMO8984288,WDF5122,30.0,0.0,25.0,7.0,,0,B,39.77786803747449,-74.00882266780322
367465570,2021-11-14 00:00:01,27.95334,-82.44346,0.0,324.5,511,BOBBIE ANN,,WDF5638,31.0,3.0,20.0,6.0,,31,A,27.95334,-82.44346
367466760,2021-11-14 00:00:02,48.5126,-122.64531,0.0,213.8,69,MARINA,IMO8939893,WDF5745,30.0,0.0,27.0,7.0,,30,A,48.5126,-122.64531
367473230,2021-11-14 00:00:08,39.80316,-75.40904,0.4,126.5,44,ESSEX,,WDF6340,90.0,3.0,42.0,11.0,,33,A,39.799197186823875,-75.40206903083626
367473520,2021-11-14 00:00:03,36.72312,-76.24562,0.0,114.3,112,ISLAND PILOT,,WDF6368,31.0,12.0,19.0,7.0,,57,A,36.72312,-76.24562
367473610,2021-11-14 00:00:00,27.58421,-82.75751,0.0,14.1,511,HINANO,,WDF6376,37.0,1.0,22.0,6.0,2.0,37,A,27.58421,-82.75751
367474680,2021-11-14 00:00:01,29.99223,-93.21643,6.1,140.8,511,CUSTOM,,WDF6479,31.0,0.0,17.0,7.0,,57,A,29.913497065486055,-93.1422890018119
367476050,2021-11-14 00:00:00,46.07594,-122.89693,0.0,242.5,203,CLACKAMAS,,WDF6614,31.0,0.0,20.0,6.0,,33,A,46.07594,-122.89693
367478370,2021-11-14 00:00:09,38.91139,-74.57644,2.7,264.1,511,JONATHAN RYAN,IMO8034083,WDF6841,30.0,0.0,21.0,6.0,,0,B,38.9067674527628,-74.63392671514723
367483830,2021-11-14 00:00:02,39.24145,-76.52489,0.1,202.0,511,LYNNE MORAN,IMO9349930,WDJ4485,31.0,0.0,28.0,9.0,3.4,0,A,39.239905734851874,-76.52569559593401
367489520,2021-11-14 00:00:01,30.0616,-93.35378,0.0,333.4,338,CALLIE DEVALL,,WDF7920,31.0,12.0,21.0,9.0,,31,A,30.0616,-93.35378
367495080,2021-11-14 00:00:15,33.71757,-118.27897,0.0,68.7,511,NOTORIOUS,,WDF8459,37.0,0.0,15.0,3.0,,0,B,33.71757,-118.27897
367498350,2021-11-14 00:00:01,37.1194,-88.64827,0.0,360.0,511,DREDGE ARMSTRONG,,WDF8767,90.0,15.0,27.0,9.0,,33,A,37.1194,-88.64827
367499090,2021-11-14 00:00:02,29.9963,-93.91661,0.0,316.0,333,LCPL PHILLIP C GEORG,,WDF8835,31.0,0.0,24.0,10.0,,57,A,29.9963,-93.91661
367500650,2021-11-14 00:00:02,45.7213,-122.7641,9.5,9.7,10,COUGAR,,WDF8988,31.0,0.0,17.0,5.0,,31,A,45.877264551247784,-122.7259140220846
367504950,2021-11-14 00:00:01,37.04875,-88.22318,4.7,32.6,42,THOMAS M GATTLE,,WDF9418,31.0,0.0,30.0,9.0,,31,A,37.1146976368733,-88.17033693642594
367505750,2021-11-14 00:00:44,39.66602,-80.86552,0.0,84.9,174,MARQUETTE HILLTOPPER,,WDF9497,31.0,12.0,39.0,11.0,,57,A,39.66602,-80.86552
367506070,2021-11-14 00:00:06,40.42515,-74.01064,0.4,7.2,511,DELTA,IMO8644553,WDF9528,31.0,0.0,25.0,7.0,3.2,52,A,40.43175964122116,-74.00954313594347
367510420,2021-11-14 00:00:00,30.06107,-93.35342,3.0,234.2,239,AL CENAC,,WDF9939,31.0,0.0,21.0,9.0,,52,A,30.03184182439611,-93.40024407933474
367514780,2021-11-14 00:00:04,37.90572,-122.37032,0.0,346.0,511,OCEAN SCOUT,,WDG2354,90.0,5.0,17.0,9.0,,54,A,37.90572,-122.37032
367516730,2021-11-14 00:00:08,45.61198,-122.64536,0.0,214.8,295,STACY T,,WDG2546,31.0,0.0,30.0,7.0,,31,A,45.61198,-122.64536
367519080,2021-11-14 00:00:01,28.54662,-95.80053,3.1,250.5,511,ST PAUL,IMO8969379,WDG2769,30.0,0.0,25.0,7.0,,0,B,28.529384933634436,-95.85593612818181
367523350,2021-11-14 00:00:05,36.30102,-89.59646,0.2,218.9,311,"BIG ""D""",,WDG3181,31.0,0.0,40.0,9.0,,90,A,36.29842760418742,-89.59905554990524
367524120,2021-11-14 00:00:08,43.07909,-70.73896,0.1,261.9,511,COCHECO,,WDG3253,90.0,0.0,27.0,9.0,,52,A,43.07885532285292,-70.74121753206674
367525060,2021-11-14 00:00:00,41.32852,-88.75222,0.0,203.8,273,LIBERTY,,WDG3345,31.0,0.0,29.0,9.0,,57,A,41.32852,-88.75222
367525770,2021-11-14 00:00:02,47.65901,-122.3803,0.1,18.3,511,TUGIDAK,IMO7309302,WDG3411,30.0,15.0,25.0,7.0,,79,A,47.66059130954141,-122.37952355468128
367530080,2021-11-14 00:00:11,46.0991,-122.94704,3.3,123.4,511,SOMMER S,IMO9669811,WDG3830,31.0,0.0,23.0,10.0,,52,A,46.068843960514876,-122.88086633047516
367531160,2021-11-14 00:00:05,33.60959,-117.89591,0.0,304.3,511,HAU TREE,,WDG3933,37.0,5.0,18.0,9.0,,37,A,33.60959,-117.89591
367533040,2021-11-14 00:00:08,36.32223,-87.22426,0.0,249.8,135,RICK HARNACK,IMO8845365,WDG4106,31.0,12.0,37.0,10.0,,57,A,36.32223,-87.22426
367533940,2021-11-14 00:00:02,29.60459,-94.36572,5.1,57.7,53,TAMPA,,WDG4190,31.0,12.0,23.0,10.0,,56,A,29.649979344305162,-94.28314089766455
367533950,2021-11-14 00:00:02,37.91335,-122.35052,0.0,360.0,511,EMPRESS,IMO8968284,WDG4191,60.0,0.0,24.0,6.0,,99,A,37.91335,-122.35052
367535290,2021-11-14 00:00:02,34.82645,-90.41206,7.8,261.9,265,WILLIAM E STRAIT,,WDG4318,31.0,0.0,56.0,13.0,,32,A,34.808145182527674,-90.5687399835211
367539090,2021-11-14 00:00:12,33.56038,-77.39674,9.2,228.3,231,B FRANKLIN REINAUER,IMO9653238,WDG4684,31.0,12.0,33.0,10.0,4.6,52,A,33.45844674443904,-77.53403373387992
367540560,2021-11-14 00:00:01,36.83673,-76.24792,0.0,339.4,206,ROBERT T,IMO7738981,WDI8475,31.0,12.0,22.0,7.0,,52,A,36.83673,-76.24792
367541980,2021-11-14 00:00:02,29.38391,-94.77094,4.6,47.4,46,EUGENIE J HUGER,,WDG4974,31.0,12.0,22.0,9.0,,57,A,29.43576885664868,-94.70621746924823
367542070,2021-11-14 00:00:04,41.93039,-70.02629,0.0,271.4,511,STRIDER,IMO0200000,WDG4982,53.0,0.0,15.0,8.0,0.0,53,A,41.93039,-70.02629
367543860,2021-11-14 00:00:02,40.65111,-80.37013,0.0,230.0,252,GEORGETOWN,IMO7202413,WDG5154,31.0,12.0,25.0,9.0,,57,A,40.65111,-80.37013
367544970,2021-11-14 00:00:00,39.8848,-75.17684,0.0,299.3,351,LIGHTNING,,WDG5277,31.0,12.0,22.0,9.0,,31,A,39.8848,-75.17684
367545030,2021-11-14 00:00:14,36.92289,-76.18708,0.0,360.0,511,LITTLE BRUTUS,,WDG5282,52.0,0.0,7.0,4.0,2.0,52,A,36.92289,-76.18708
367550510,2021-11-14 00:00:04,32.29818,-87.93061,8.3,209.1,207,ALEX PIEHET,,WDG5809,31.0,12.0,26.0,9.0,,31,A,32.177389623056406,-88.01014714303676
367551340,2021-11-14 00:00:19,41.29396,-72.90434,0.0,274.1,511,ALEX MCALLISTER,IMO8601159,WDG5889,31.0,0.0,26.0,10.0,3.8,52,A,41.29396,-72.90434
367552410,2021-11-14 00:00:07,39.88617,-75.1765,0.0,309.4,511,ANNABELLE DOROTHY MO,IMO9650406,WDG5993,31.0,0.0,26.0,10.0,,52,A,39.88617,-75.1765
367554950,2021-11-14 00:00:00,40.64715,-89.61107,0.0,233.1,511,RIVER EAGLE,,WDG6246,31.0,12.0,19.0,9.0,,31,A,40.64715,-89.61107
367556250,2021-11-14 00:00:38,41.42304,-88.19284,0.0,187.9,55,MIDWEST PRIDE,,WDG6369,31.0,0.0,18.0,7.0,,31,A,41.42304,-88.19284
367557930,2021-11-14 00:00:06,42.61496,-82.59406,0.0,236.0,54,KURT R LUEDTKE,,WDG6523,31.0,0.0,21.0,6.0,,52,A,42.61496,-82.59406
367558180,2021-11-14 00:00:00,40.5109,-74.29338,0.0,133.7,120,POTOMAC,IMO9475806,WDG6546,31.0,0.0,30.0,10.0,4.0,52,A,40.5109,-74.29338
367564940,2021-11-14 00:00:17,40.14448,-91.51508,0.0,142.3,511,SIR-FREDERICK,,WDG7205,31.0,0.0,16.0,9.0,,31,A,40.14448,-91.51508
367565450,2021-11-14 00:00:02,47.70472,-122.6249,0.0,220.7,358,MARY PEARL,,WDG7257,37.0,5.0,13.0,4.0,,90,A,47.70472,-122.6249
367568460,2021-11-14 00:00:04,41.0717,-73.16204,16.1,170.8,511,GRAND REPUBLIC,IMO8986145,WDG7555,60.0,15.0,93.0,15.0,,60,A,40.80699692108148,-73.10517141490729
367573820,2021-11-14 00:00:06,46.23723,-123.71525,10.6,56.7,55,OCEAN EAGLE,IMO7047239,WDG8082,31.0,0.0,33.0,9.0,4.3,52,A,46.33415867354584,-123.50191279937403
367579070,2021-11-14 00:01:03,37.78716,-122.27142,0.0,360.0,511,ZEUS,,WDG8586,37.0,0.0,12.0,9.0,,0,B,37.78716,-122.27142
367580880,2021-11-14 00:00:03,41.32128,-88.88805,0.0,1.0,108,CHRISTOPHER MYSKOWSK,,WDG8768,31.0,12.0,41.0,14.0,,57,A,41.32128,-88.88805
367581680,2021-11-14 00:00:01,30.73571,-88.04144,0.0,309.3,92,THE DELTA,,WDG8848,31.0,4.0,16.0,6.0,,31,A,30.73571,-88.04144
367583470,2021-11-14 00:00:39,42.86252,-91.09534,5.4,3.3,1,EMILY DAVIS,,WDG9019,31.0,12.0,32.0,9.0,,57,A,42.952310219220244,-91.0882767585595
367583840,2021-11-14 00:00:02,41.62052,-88.06261,0.0,230.4,511,KIOWA,,WDG9056,31.0,0.0,21.0,9.0,,31,A,41.62052,-88.06261
367593050,2021-11-14 00:00:04,34.14875,-119.20639,6.1,150.6,132,SIMONE BRUSCO,IMO9748980,WDG9967,31.0,15.0,24.0,8.0,,31,A,34.060236279419485,-119.14612424134454
367593050,2021-11-14 00:01:10,34.14858,-119.20627,7.9,265.6,265,SIMONE BRUSCO,IMO9748980,WDG9967,31.0,15.0,24.0,8.0,,31,A,34.13848546789688,-119.3647917266338
367593210,2021-11-14 00:00:03,38.16043,-76.2834,5.5,171.7,511,SOUTHERN STAR,IMO8987319,WDG9984,31.0,0.0,24.0,7.0,2.6,52,A,38.06978459025324,-76.266581981795
367595750,2021-11-14 00:00:19,41.64461,-70.92109,0.0,359.0,2,RELIANCE,IMO9759537,WDH2253,30.0,15.0,28.0,8.0,,30,A,41.64461,-70.92109
367597910,2021-11-14 00:00:30,47.64462,-122.34437,0.1,290.9,511,PATRIOT,,WDH2468,37.0,0.0,16.0,9.0,,0,B,47.645214162696696,-122.34667947856795
367599370,2021-11-14 00:00:05,46.73893,-92.08554,0.1,275.4,511,HELEN H,IMO8624670,WDH2609,31.0,15.0,25.0,8.0,,52,A,46.73908674150029,-92.08795951629794
367599920,2021-11-14 00:00:16,48.50149,-122.60581,0.2,182.0,511,RISING SUN,,WDH2662,30.0,0.0,17.0,9.0,,0,B,48.49816094198001,-122.6059854499963
367600490,2021-11-14 00:00:01,30.34485,-88.5047,0.0,179.1,179,SAN SABA,,WDH2719,31.0,0.0,23.0,9.0,,57,A,30.34485,-88.5047
367602640,2021-11-14 00:00:25,45.60244,-122.63221,0.6,78.2,107,NEKAS,,WDH2931,37.0,0.0,10.0,9.0,,0,B,45.6044835825596,-122.61822827074667
367605210,2021-11-14 00:00:05,47.65351,-122.36376,0.0,184.2,511,GYRFALCON,IMO7732406,WDH3191,37.0,0.0,26.0,6.0,,67,A,47.65351,-122.36376
367606910,2021-11-14 00:00:03,37.85821,-87.40904,1.2,326.1,329,KELLE B,,WDH3391,31.0,0.0,21.0,9.0,,31,A,37.874799059933395,-87.42315898037423
367610280,2021-11-14 00:00:04,38.79904,-84.18712,6.2,272.8,273,J W HUNTER,,WDH3730,31.0,12.0,40.0,14.0,,31,A,38.80408440817245,-84.31946185503115
367610540,2021-11-14 00:00:00,41.22409,-73.95195,4.7,335.6,511,HELEN LARAWAY,IMO8992522,WDH3753,31.0,15.0,21.0,8.0,,31,A,41.29537881772151,-73.99494483122379
367610590,2021-11-14 00:00:02,30.21545,-88.49953,0.0,324.9,97,SEA CYPRESS,,WDH3758,31.0,0.0,22.0,9.0,,31,A,30.21545,-88.49953
367614620,2021-11-14 00:00:05,48.67791,-123.41422,0.1,319.8,511,UMIAK V,,WDH4143,37.0,0.0,19.0,9.0,,0,B,48.67918213559801,-123.41584812684204
367619920,2021-11-14 00:00:03,36.97807,-88.22405,0.0,15.3,328,AMERICAN SPIRIT,,WDH4653,31.0,12.0,22.0,9.0,,31,A,36.97807,-88.22405
367620180,2021-11-14 00:00:00,29.78546,-95.09084,0.0,260.6,351,APACHE,IMO8851314,WDH4677,31.0,12.0,19.0,7.0,,2,A,29.78546,-95.09084
367622140,2021-11-14 00:00:04,40.70954,-73.98418,0.1,258.8,511,THE MANHATTAN,,WDH4861,60.0,0.0,29.0,6.0,,99,A,40.70921649421667,-73.98633536688318
367624370,2021-11-14 00:00:14,39.54704,-75.70446,0.0,59.0,511,WANDERLUST,,WDH5085,37.0,0.0,14.0,9.0,,0,B,39.54704,-75.70446
367625610,2021-11-14 00:00:02,29.75825,-95.09794,0.0,50.4,298,SWEENEY,,WDH5209,31.0,0.0,23.0,9.0,,57,A,29.75825,-95.09794
367628230,2021-11-14 00:00:21,41.65962,-88.05125,0.0,0.0,42,LAURENCE M GONSOULIN,,WDH5472,31.0,5.0,27.0,9.0,,57,A,41.65962,-88.05125
367632260,2021-11-14 00:00:06,47.66666,-122.38946,0.0,224.8,1,NOTORIOUS,IMO7202061,WDH5866,30.0,15.0,36.0,9.0,3.4,30,A,47.66666,-122.38946
367642530,2021-11-14 00:00:01,33.76633,-118.27328,0.0,8.0,511,BO BRUSCO,IMO9772917,WDH6880,31.0,0.0,23.0,8.0,,31,A,33.76633,-118.27328
367643270,2021-11-14 00:00:01,30.90919,-87.95771,5.6,140.8,158,AMERICAN DREAM,,WDH6954,31.0,12.0,21.0,9.0,,3,A,30.83691058470851,-87.8890027117305
367649320,2021-11-14 00:00:04,48.52314,-122.75492,16.1,90.9,84,WSF SAMISH,IMO9720251,WDH7552,60.0,0.0,110.0,25.0,5.0,60,A,48.51892804325087,-122.35009990256427
367649660,2021-11-14 00:00:04,46.50016,-84.3381,0.0,0.0,511,KENTUCKY,,WDH7593,31.0,0.0,24.0,6.0,,52,A,46.50016,-84.3381
367650150,2021-11-14 00:00:53,33.71979,-118.27975,0.0,217.4,511,LIONHEART,,WDH7640,37.0,0.0,14.0,9.0,,0,B,33.71979,-118.27975
367651010,2021-11-14 00:00:21,48.5038,-122.60517,0.0,30.6,511,DORISS,,WDH7724,37.0,0.0,27.0,9.0,,0,B,48.5038,-122.60517
367653480,2021-11-14 00:00:00,29.80526,-93.75637,0.0,337.1,511,JUNIOR G,,WDH7979,31.0,0.0,12.0,5.0,,52,A,29.80526,-93.75637
367653630,2021-11-14 00:00:00,46.15342,-123.37714,0.0,0.0,511,OSCAR B,,WDH7993,60.0,0.0,33.0,9.0,,99,A,46.15342,-123.37714
367657930,2021-11-14 00:00:07,35.96162,-75.98927,7.6,213.4,511,JOHN PARRISH,,WDH8435,31.0,11.0,28.0,7.0,,52,A,35.855943859913445,-76.07535805037692
367661930,2021-11-14 00:00:05,33.72966,-118.27534,0.1,227.5,126,MICHELLE SLOAN,IMO9747819,WDH8832,31.0,0.0,24.0,9.0,,52,A,33.72853477504392,-118.27681651388622
367662190,2021-11-14 00:00:18,46.23201,-124.10537,5.6,14.8,511,CASSANDRA ANNE,IMO8012293,WDH8856,30.0,0.0,20.0,6.0,,0,B,46.32218604517108,-124.07092708126768
367665350,2021-11-14 00:00:00,36.06095,-89.68861,0.0,258.7,511,LOU DRAPER,,WDH9171,31.0,15.0,18.0,9.0,,30,A,36.06095,-89.68861
367665390,2021-11-14 00:00:01,37.03968,-88.44196,0.0,360.0,511,MISS BETTY,,WDH9175,31.0,0.0,11.0,9.0,,52,A,37.03968,-88.44196
367666530,2021-11-14 00:00:38,34.78747,-87.66789,0.3,360.0,511,BOBBY THOMPSON,,WDH9288,31.0,0.0,45.0,9.0,,31,A,34.79246663084248,-87.66789
367667060,2021-11-14 00:00:06,46.22303,-119.01439,0.0,252.8,51,GRANITE POINT,,WDH9342,31.0,0.0,29.0,9.0,,57,A,46.22303,-119.01439
367669550,2021-11-14 00:00:10,48.51145,-122.6445,0.0,258.4,156,ALASKA CHALLENGER,IMO7938024,WDH9586,30.0,15.0,30.0,7.0,,30,A,48.51145,-122.6445
367671080,2021-11-14 00:00:06,40.64152,-74.12954,0.1,86.2,274,KIRBY MORAN,IMO9778349,WDH9735,31.0,0.0,28.0,11.0,,52,A,40.6416303820716,-74.12734985382126
367672140,2021-11-14 00:00:00,33.72353,-118.28044,0.0,246.9,511,MAURETANIA,,WDH9845,60.0,15.0,23.0,5.0,,60,A,33.72353,-118.28044
367676010,2021-11-14 00:00:06,47.65591,-122.37888,0.0,26.0,185,POLAR LADY,IMO7947659,WDI2229,30.0,0.0,25.0,8.0,,30,A,47.65591,-122.37888
367676470,2021-11-14 00:00:01,29.60354,-92.25182,0.0,270.2,511,CAPTAIN BOUDREAUX,,WDI2272,31.0,0.0,22.0,8.0,,90,A,29.60354,-92.25182
367681150,2021-11-14 00:01:10,37.01137,-89.1702,6.6,148.4,511,JACK JAMES,,WDI2732,31.0,12.0,40.0,11.0,,32,A,36.91774316849269,-89.09806668499533
367681730,2021-11-14 00:00:01,40.64435,-74.02849,0.0,360.0,511,NYPD 454,,WDI2785,31.0,0.0,27.0,9.0,,55,A,40.64435,-74.02849
367683579,2021-11-14 00:00:01,40.12197,-91.51307,0.0,148.7,511,SIR KRIS-TYN,,WDI2965,31.0,15.0,0.0,0.0,0.0,31,A,40.12197,-91.51307
367683830,2021-11-14 00:00:05,34.3899,-119.90591,1.0,13.1,511,RAVEN,,WDI2989,60.0,0.0,23.0,5.0,,38,A,34.40612199452648,-119.9013354525488
367687630,2021-11-14 00:00:01,33.7576,-118.18615,0.0,50.6,511,AEOLIAN,,WDI3371,37.0,0.0,13.0,9.0,,0,B,33.7576,-118.18615
367688990,2021-11-14 00:00:03,33.79797,-78.5497,4.4,110.1,511,CARPE VENTUM,,WDI3502,37.0,0.0,12.0,9.0,,0,B,33.772785270770484,-78.46688392167731
367691010,2021-11-14 00:00:03,41.28629,-70.0955,0.0,284.4,71,WOODS HOLE,IMO9792931,WDI3700,60.0,0.0,71.0,9.0,,60,A,41.28629,-70.0955
367692510,2021-11-14 00:00:10,32.72022,-117.22472,0.1,306.1,511,HERITAGE,,WDI3844,37.0,0.0,16.0,9.0,,0,B,32.72120133223047,-117.2263195605362
367692620,2021-11-14 00:00:08,32.71125,-117.1736,0.0,52.6,47,PACIFIC HORIZON,IMO8133023,WDI3854,30.0,0.0,19.0,6.0,,30,A,32.71125,-117.1736
367694720,2021-11-14 00:00:08,40.64039,-74.1944,0.0,360.0,511,JANET D,,WDI4058,31.0,0.0,20.0,9.0,,52,A,40.64039,-74.1944
367695570,2021-11-14 00:00:23,47.6446,-122.30934,0.0,195.7,511,FIGARO,,WDI4140,37.0,0.0,12.0,9.0,,0,B,47.6446,-122.30934
367701960,2021-11-14 00:00:43,40.17621,-80.68473,0.0,273.5,204,LAURA S,,WDI4785,31.0,0.0,18.0,9.0,,52,A,40.17621,-80.68473
367702070,2021-11-14 00:00:03,37.02113,-89.1725,0.0,22.2,142,CHRISTOPHER M PARSON,,WDI4795,31.0,0.0,51.0,14.0,,31,A,37.02113,-89.1725
367702190,2021-11-14 00:00:01,36.34618,-89.60347,3.8,268.2,511,JEFFREY G STOVER,,WDI4806,31.0,0.0,55.0,16.0,,31,A,36.34419199241045,-89.68200915142737
367702780,2021-11-14 00:00:05,45.58753,-122.77029,0.1,148.4,317,SARAH,IMO9824887,WDI4859,31.0,0.0,23.0,9.0,,52,A,45.58611141164383,-122.7690429324017
367704620,2021-11-14 00:00:03,40.75264,-74.02264,0.0,281.2,511,SUNDANCER,,WDI5046,60.0,0.0,30.0,6.0,,6,A,40.75264,-74.02264
367708880,2021-11-14 00:00:01,40.60728,-80.63791,0.0,346.6,31,ALICE JEAN,,WDI5470,31.0,0.0,19.0,9.0,,52,A,40.60728,-80.63791
367709780,2021-11-14 00:00:06,41.62618,-88.06187,1.1,3.4,511,STACY DIANNE,,WDI5557,31.0,7.0,15.0,9.0,,31,A,41.6444687316788,-88.06041640983081
367711410,2021-11-14 00:00:09,32.12954,-92.08817,0.0,230.3,65,DAVE DAVENPORT,,WDI5719,31.0,12.0,17.0,6.0,,31,A,32.12954,-92.08817
367711450,2021-11-14 00:00:01,29.67715,-91.22507,0.0,360.0,511,CAPT ED,,WDI5723,31.0,2.0,20.0,8.0,,52,A,29.67715,-91.22507
367712160,2021-11-14 00:00:06,34.74882,-92.24201,0.0,360.0,511,CHRIS M,,WDI5791,31.0,15.0,15.0,9.0,,31,A,34.74882,-92.24201
367712660,2021-11-14 00:00:04,47.56984,-122.59564,15.7,221.8,220,WSF CHIMACUM,IMO9801770,WDI5854,60.0,0.0,110.0,25.0,5.0,60,A,47.37490522184716,-122.85396833767255
367712760,2021-11-14 00:00:01,37.9742,-87.58424,0.0,275.8,511,NAOMI M,,WDI5864,31.0,0.0,14.0,9.0,,19,A,37.9742,-87.58424
367712920,2021-11-14 00:00:04,40.12736,-73.95961,5.9,197.4,511,ORION,,WDI5878,37.0,0.0,13.0,4.0,,0,B,40.0335895957534,-73.9980422989012
367714540,2021-11-14 00:00:02,37.0422,-88.53548,0.0,360.0,511,ELECTRA,,WDI6035,31.0,0.0,14.0,5.0,,52,A,37.0422,-88.53548
367714630,2021-11-14 00:00:01,35.11355,-75.98339,0.1,307.3,511,EASY PACE,,WDI6043,37.0,0.0,10.0,9.0,,0,B,35.114559300110315,-75.98500964984147
367716190,2021-11-14 00:00:03,41.90683,-80.79472,0.0,0.0,511,NEW YORK,,WDI6195,31.0,0.0,24.0,6.0,,31,A,41.90683,-80.79472
367721920,2021-11-14 00:00:10,43.3456,-124.32071,0.5,188.3,511,TEXAS LADY,,WDI6758,30.0,0.0,20.0,6.0,,0,B,43.33735950820484,-124.32236307150528
367724130,2021-11-14 00:00:02,35.03625,-85.53794,0.0,360.0,511,R H BAKER,,WDI6976,31.0,15.0,22.0,9.0,,31,A,35.03625,-85.53794
367726810,2021-11-14 00:00:02,40.4595,-73.90735,2.1,118.8,511,AMERICA,,WDI7244,90.0,0.0,17.0,5.0,,50,A,40.44264998313452,-73.8670668049463
367730450,2021-11-14 00:00:09,34.76843,-76.31401,8.7,34.1,511,BLACKBEARD,,WDI7617,30.0,0.0,18.0,9.0,,0,B,34.888417842414974,-76.21511592628447
367730560,2021-11-14 00:00:24,47.22823,-122.83239,5.6,137.2,132,ENDURANCE,,WDI7629,37.0,0.0,7.0,9.0,,0,B,47.159794690940835,-122.73906989302664
367733650,2021-11-14 00:00:17,37.78946,-122.38721,0.1,227.3,247,FIREBOAT 3,,WDI7931,90.0,5.0,27.0,9.0,,51,A,37.78833049549247,-122.38875888303873
367738490,2021-11-14 00:00:07,42.37329,-82.88714,6.1,49.0,511,ONTARIO,IMO8980878,WDI8424,31.0,0.0,33.0,9.0,4.3,52,A,42.43994439050113,-82.78334971880444
367741140,2021-11-14 00:00:02,40.61709,-74.05571,0.0,134.8,347,ANDREA,IMO8966717,WDI8687,31.0,0.0,28.0,9.0,,31,A,40.61709,-74.05571
367741150,2021-11-14 00:00:01,47.26663,-122.41308,0.0,153.7,140,CAMERON,,WDI8688,31.0,15.0,28.0,9.0,,32,A,47.26663,-122.41308
367741560,2021-11-14 00:00:01,26.71534,-80.04913,0.0,349.5,511,LUCKY STARS,,WDI8730,37.0,0.0,25.0,6.0,,0,B,26.71534,-80.04913
367746240,2021-11-14 00:00:12,21.2641,-157.76451,6.2,243.1,511,MAKANI OLU,,WDI9197,37.0,0.0,12.0,4.0,,0,B,21.217379916063006,-157.8633279777018
367750340,2021-11-14 00:00:02,35.12453,-92.78575,0.0,49.0,59,ST SIMON,,WDI9604,31.0,12.0,27.0,9.0,,57,A,35.12453,-92.78575
367756350,2021-11-14 00:00:03,36.91487,-76.3341,6.4,300.5,303,MAXWELL PAUL MORAN,IMO9812559,WDJ2221,31.0,0.0,27.0,9.0,,52,A,36.968970945879754,-76.44897413593603
367757680,2021-11-14 00:00:01,39.27792,-81.64943,0.0,360.0,511,JAMES MURPHY,,WDJ2369,31.0,0.0,15.0,9.0,,52,A,39.27792,-81.64943
367757680,2021-11-14 00:01:10,39.27791,-81.64944,0.0,360.0,511,JAMES MURPHY,,WDJ2369,31.0,0.0,15.0,9.0,,52,A,39.27791,-81.64944
367761970,2021-11-14 00:00:03,32.72014,-117.20919,6.7,229.4,511,STAGHOUND,,WDJ2813,37.0,0.0,27.0,9.0,,0,B,32.647519179597516,-117.3098985072839
367763730,2021-11-14 00:00:00,29.30679,-94.82439,0.4,150.7,511,SIDNEY B,,WDJ2991,31.0,2.0,27.0,9.0,,52,A,29.300980122368777,-94.82065111338312
367764520,2021-11-14 00:00:02,28.53542,-96.23797,3.9,56.1,59,BRANDON KYLE,,WDJ3076,31.0,12.0,27.0,9.0,,57,A,28.571649003379044,-96.17660051034527
367769180,2021-11-14 00:00:08,36.9159,-76.33018,0.0,345.8,258,CLAYTON W MORAN,IMO9812561,WDJ3566,31.0,0.0,27.0,9.0,,52,A,36.9159,-76.33018
367773150,2021-11-14 00:00:07,20.79063,-156.5113,0.0,360.0,511,CALVPSO,,WDJ3970,99.0,15.0,0.0,0.0,0.0,99,A,20.79063,-156.5113
367774430,2021-11-14 00:00:00,28.86602,-95.45928,7.0,78.7,511,ROBIN LANETTE,,WDJ4101,31.0,13.0,17.0,6.0,,31,A,28.88886497944839,-95.3287315277769
367776270,2021-11-14 00:00:07,40.70459,-73.9765,0.1,256.4,109,H200,,WDJ4295,60.0,0.0,27.0,9.0,,60,A,40.704198360555104,-73.97863544608302
367776660,2021-11-14 00:00:05,21.32511,-158.11136,0.1,336.7,226,MOUNT BAKER,IMO9822906,WDJ6673,31.0,5.0,36.0,10.0,5.9,32,A,21.326639712505393,-158.11206722028504
367777960,2021-11-14 00:00:00,29.30677,-94.82464,0.7,154.8,236,LINDA LAQUAY,,WDJ4467,31.0,15.0,69.0,12.0,,33,A,29.296220797565912,-94.81894732485324
367782880,2021-11-14 00:00:07,40.70424,-73.97668,0.1,262.2,108,H203,,WDJ4962,60.0,0.0,27.0,9.0,,60,A,40.70401395979499,-73.97885671025466
367786240,2021-11-14 00:00:03,48.52169,-122.58023,3.9,158.2,156,SEA BEAR,,WDJ5292,37.0,0.0,16.0,9.0,,37,A,48.461379088047764,-122.54380947255335
367788190,2021-11-14 00:00:20,37.51209,-122.19705,0.0,20.6,511,CHARIS,,WDJ5493,37.0,0.0,27.0,9.0,,0,B,37.51209,-122.19705
367791140,2021-11-14 00:00:01,40.7057,-73.99468,6.9,158.2,134,HB106,,WDJ5771,60.0,0.0,27.0,9.0,,60,A,40.59899607885374,-73.93838103815267
367794470,2021-11-14 00:00:01,41.9041,-87.65785,4.0,328.6,346,GWYNETH ANNE,,WDJ6110,31.0,15.0,27.0,9.0,,31,A,41.960965043190576,-87.70448745932168
367794890,2021-11-14 00:00:00,48.49265,-122.68071,0.0,201.0,511,SHIBUI,,WDJ6150,37.0,0.0,15.0,4.0,,0,B,48.49265,-122.68071
367798430,2021-11-14 00:00:00,40.70385,-73.99535,2.7,218.3,210,H207,,WDJ6505,60.0,0.0,27.0,9.0,,60,A,40.66855885964288,-74.0321150862544
368001440,2021-11-14 00:00:01,29.29596,-94.58031,5.8,123.6,111,BAYOU CITY,,WDJ6909,31.0,0.0,27.0,9.0,,50,A,29.242501529863556,-94.48804865679185
368006590,2021-11-14 00:00:07,36.9077,-89.12002,8.6,191.3,511,WINCHESTER,,WDJ7427,31.0,15.0,35.0,9.0,,31,A,36.76723994250539,-89.15512073789057
368007170,2021-11-14 00:00:04,35.01799,-76.70947,0.0,177.2,511,BUDDHA MOON,,WDJ7485,36.0,0.0,27.0,9.0,,0,B,35.01799,-76.70947
368007760,2021-11-14 00:00:09,47.99791,-122.21675,0.0,214.3,511,ROXIA,,WDJ7542,37.0,0.0,20.0,6.0,2.0,37,A,47.99791,-122.21675
368008740,2021-11-14 00:00:02,40.64895,-80.38273,0.0,199.1,255,JOHN VAUGHN,,WDJ7648,31.0,15.0,40.0,11.0,,32,A,40.64895,-80.38273
368011730,2021-11-14 00:00:11,48.72057,-122.68098,0.0,248.5,243,WHATCOM CHIEF,,WDJ7956,60.0,0.0,28.0,13.0,,0,B,48.72057,-122.68098
368014430,2021-11-14 00:00:00,29.74773,-95.10107,7.3,220.6,221,ANGELA RENEE,IMO974700000,WDJ8234,31.0,0.0,23.0,11.0,0.0,31,A,29.65541423815362,-95.19220394828368
368024740,2021-11-14 00:00:01,33.72679,-118.17785,0.3,57.7,295,PILOT BOAT ORION,,WDJ9306,50.0,15.0,19.0,6.0,0.0,50,A,33.72945996142972,-118.17277186032813
368024740,2021-11-14 00:01:02,33.72682,-118.17777,0.3,59.9,293,PILOT BOAT ORION,,WDJ9306,50.0,15.0,19.0,6.0,0.0,50,A,33.72932586401713,-118.17257236642185
368038040,2021-11-14 00:00:08,34.5066,-86.5344,3.9,343.5,511,ROBIN SHELTON,,WDK2700,91.0,0.0,29.0,10.0,3.0,91,A,34.56888128737513,-86.55678737083267
368041480,2021-11-14 00:00:05,46.10012,-122.94848,3.3,121.9,125,SAMANTHA S,,WDK3055,52.0,0.0,35.0,14.0,6.3,52,A,46.07107547590213,-122.88118556990273
368042970,2021-11-14 00:00:07,36.90691,-76.08954,0.0,184.5,277,HAMPTON ROADS,,WDK3209,50.0,0.0,19.0,6.0,2.0,50,A,36.90691,-76.08954
368044470,2021-11-14 00:00:00,29.72979,-95.05376,2.6,326.0,133,COOKE,IMO8983129,WDK3359,57.0,0.0,101.0,12.0,3.0,57,A,29.765690754106593,-95.08164587661751
368061720,2021-11-14 00:00:02,36.49483,-89.5316,9.5,134.5,137,BRIAN BOUDREAUX,,WDK5100,31.0,0.0,27.0,10.0,0.0,31,A,36.38392747982018,-89.39121718352895
368070570,2021-11-14 00:00:37,37.18655,-88.38112,0.0,12.7,511,CONSTITUTION,,WDK6031,31.0,0.0,14.0,11.0,2.5,31,A,37.18655,-88.38112
368075390,2021-11-14 00:00:00,28.93289,-95.32974,0.6,222.2,17,BRAZOS PILOT,,WDK6524,50.0,15.0,19.0,6.0,0.0,50,A,28.92548694581188,-95.33740999502456
368083770,2021-11-14 00:00:00,46.09217,-122.93003,18.4,333.0,511,SUPPORT,,WDK7370,31.0,0.0,15.0,4.0,3.1,31,A,46.365227881683026,-123.13064987218782
368083770,2021-11-14 00:01:01,46.09666,-122.93694,24.6,304.8,511,SUPPORT,,WDK7370,31.0,0.0,15.0,4.0,3.1,31,A,46.33049489119034,-123.42211890145882
368085000,2021-11-14 00:00:06,47.62798,-122.37941,0.0,205.8,182,NORTHERN EAGLE,IMO6701462,WEME,30.0,0.0,104.0,15.0,6.9,30,A,47.62798,-122.37941
368087080,2021-11-14 00:00:03,38.01776,-90.09426,0.0,360.0,511,T.R. STONE,,WDK7714,79.0,15.0,19.0,7.0,0.0,79,A,38.01776,-90.09426
368088820,2021-11-14 00:00:04,33.74773,-118.19879,0.0,360.0,511,MORTY,,WDK7887,33.0,3.0,59.0,18.0,3.6,33,A,33.74773,-118.19879
368092350,2021-11-14 00:00:01,38.94879,-74.90644,0.0,139.5,298,DAUNTLESS,,WDK8254,30.0,15.0,24.0,7.0,0.0,30,A,38.94879,-74.90644
368100220,2021-11-14 00:00:00,25.73086,-80.23128,0.0,331.4,511,KAIZEN,IMO0000000,WDK9078,36.0,0.0,15.0,5.0,,0,B,25.73086,-80.23128
368103530,2021-11-14 00:00:01,44.94583,-93.08476,0.0,233.8,511,RANDY ANDERSON,,WDK9418,32.0,12.0,39.0,13.0,0.0,32,A,44.94583,-93.08476
368106220,2021-11-14 00:00:01,38.53895,-90.25533,0.1,216.8,33,CHARLIE T,,WDK9723,70.0,15.0,20.0,10.0,0.0,70,A,38.53761634697846,-90.2566055297032
368116110,2021-11-14 00:00:00,26.08643,-80.18299,0.0,360.0,511,EDONISMO,,WDL2859,37.0,15.0,18.0,6.0,0.0,37,A,26.08643,-80.18299
368119580,2021-11-14 00:00:20,41.59183,-71.28394,0.1,360.0,511,ABSOLUTELY,IMO0000000,WDL3231,37.0,0.0,22.0,6.0,,0,B,41.59349554361416,-71.28394
368119660,2021-11-14 00:00:00,40.64773,-74.11644,0.0,360.0,297,CHARLESTON,,WDL3238,52.0,0.0,111.0,20.0,5.0,52,A,40.64773,-74.11644
368119660,2021-11-14 00:01:01,40.64773,-74.11645,0.0,360.0,296,CHARLESTON,,WDL3238,52.0,0.0,111.0,20.0,5.0,52,A,40.64773,-74.11645
368120140,2021-11-14 00:00:08,37.00102,-89.30374,5.3,334.7,331,THE COLONEL,,WDL3283,31.0,12.0,40.0,12.0,2.9,57,A,37.0808268126149,-89.35097683471523
368126420,2021-11-14 00:00:02,40.84898,-72.17775,3.5,255.9,511,F/V BULLDOG,IMO0000000,WDL3928,30.0,0.0,23.0,8.0,0.0,30,A,40.834778700048204,-72.25249225237712
368129810,2021-11-14 00:00:01,40.80051,-73.88894,23.3,98.0,99,H401,IMO1300852,WDL4267,60.0,0.0,30.0,9.0,0.0,60,A,40.74650086339087,-73.38127759827113
368130920,2021-11-14 00:00:00,32.8258,-79.93328,0.1,287.1,511,MISS BETTYE,,WDL4388,0.0,0.0,0.0,0.0,0.0,0,A,32.826289736986,-79.9351744093275
368132340,2021-11-14 00:00:01,31.73364,-88.09308,6.3,179.3,179,BOLD VENTURE,,WDL4531,52.0,12.0,22.0,10.0,2.5,57,A,31.62871858321321,-88.0915727489429
368133150,2021-11-14 00:00:17,48.75511,-122.50768,0.0,127.1,511,LIFESTYLE,IMO0000000,WDL4614,36.0,0.0,14.0,4.0,,0,B,48.75511,-122.50768
368138460,2021-11-14 00:00:01,37.13613,-76.13953,8.2,35.1,36,DEFENDER,IMO8989941,WDL5162,52.0,0.0,24.0,8.0,3.2,52,A,37.24786845105739,-76.04102176583113
368138910,2021-11-14 00:00:08,43.85064,-69.62732,0.0,360.0,511,HARBOR_PRINCESS,IMO0000297,WDL5208,69.0,0.0,32.0,8.0,0.0,69,A,43.85064,-69.62732
368141510,2021-11-14 00:00:01,40.72089,-73.96515,0.4,128.6,96,H501,,WDL5481,60.0,0.0,26.0,8.0,0.0,60,A,40.71673360528678,-73.95828016287273
368144000,2021-11-14 00:00:50,21.31693,-157.87716,0.0,24.7,511,KILAUEA,,WDF4959,30.0,0.0,21.0,5.0,,0,B,21.31693,-157.87716
368144140,2021-11-14 00:00:53,47.79399,-122.4953,0.0,288.0,20,FINEST,,WDL5758,40.0,5.0,39.0,4.0,3.0,40,A,47.79399,-122.4953
368148180,2021-11-14 00:00:02,29.78973,-95.07199,3.7,115.3,511,KAMI RENEE,,WDL6178,52.0,12.0,22.0,10.0,2.5,52,A,29.763394023067928,-95.00779238545152
368154770,2021-11-14 00:00:08,41.04737,-73.48469,0.0,360.0,511,LOVE MACHINE 6,,WDL6859,37.0,0.0,16.0,5.0,1.8,37,A,41.04737,-73.48469
368156240,2021-11-14 00:00:06,48.61008,-123.15675,0.0,360.0,511,ROCK PAPER SCISSORS,,WDL7009,99.0,0.0,12.0,3.0,0.0,99,A,48.61008,-123.15675
368156920,2021-11-14 00:00:33,48.75629,-122.49546,0.0,360.0,511,WHAT'S NEXT,IMO0000000,WDL7080,37.0,0.0,12.0,3.0,,0,B,48.75629,-122.49546
368161890,2021-11-14 00:00:03,38.97296,-76.49113,0.2,11.9,182,QUE SERA SERA,IMO0000000,WDL7623,37.0,0.0,12.0,3.0,,0,B,38.976219498783074,-76.49024648282989
368161980,2021-11-14 00:00:09,34.17721,-77.82334,0.0,360.0,511,ARCADIA,IMO0000000,ARCADIA,37.0,0.0,15.0,5.0,,0,B,34.17721,-77.82334
368163860,2021-11-14 00:00:03,41.22094,-73.95317,8.0,161.6,158,JANICE ANN REINAUER,IMO9903932,WDL7830,57.0,12.0,152.0,24.0,6.5,57,A,41.094508449453954,-73.89725451771598
368165260,2021-11-14 00:00:07,35.09762,-90.09983,0.0,114.0,511,CAPT GEORGE B. CUMMI,,WDL7977,31.0,0.0,21.0,8.0,3.0,31,A,35.09762,-90.09983
368169450,2021-11-14 00:00:00,30.10194,-93.32758,4.4,337.6,336,CHAD DOUGLAS,,WDL8430,31.0,0.0,27.0,10.0,2.9,31,A,30.169694356660376,-93.35985975830843
368171390,2021-11-14 00:00:00,33.7148,-118.25784,6.7,281.6,295,BROOKS M HAMILTON,,WDL8631,52.0,12.0,26.0,10.0,2.6,52,A,33.737238571183404,-118.38925473845275
368183730,2021-11-14 00:00:26,48.6361,-123.20148,0.9,307.2,511,ULTREIA,IMO0000000,WDL9950,36.0,0.0,12.0,4.0,,0,B,48.64516287575398,-123.21954778317614
368200430,2021-11-14 00:00:01,35.03418,-85.53882,0.0,360.0,511,,,UNKNOWN,0.0,0.0,20.0,8.0,0.0,31,A,35.03418,-85.53882
368201570,2021-11-14 00:00:01,29.39324,-94.75987,4.1,41.7,39,LAURA M,,WDM3908,57.0,15.0,119.0,34.0,3.1,57,A,29.444225896720376,-94.70773152736861
368293000,2021-11-14 00:00:07,47.63016,-122.38218,0.0,222.8,179,ALASKA OCEAN,IMO8030477,KRCT,30.0,0.0,114.0,18.0,3.6,30,A,47.63016,-122.38218
368312000,2021-11-14 00:00:06,47.66123,-122.3848,0.0,221.3,511,CYGNUS,,WDM4256,37.0,15.0,20.0,7.0,2.0,37,A,47.66123,-122.3848
368380000,2021-11-14 00:00:01,48.36883,-124.61309,0.0,295.4,68,ALYESKA,IMO7437783,WCX8749,30.0,7.0,37.0,9.0,,30,A,48.36883,-124.61309
368729000,2021-11-14 00:00:00,37.91463,-122.44592,8.8,4.0,3,USAV GEN B SOMERVELL,,AAEE,90.0,0.0,76.0,9.0,,35,A,38.060840806159206,-122.43296055905017
368926035,2021-11-14 00:00:00,38.58861,-90.20609,1.4,237.2,511,KIMMSWICK,,AENA,31.0,15.0,27.0,9.0,,33,A,38.57597865889475,-90.23116534466999
368926278,2021-11-14 00:00:32,43.99861,-91.43584,0.0,360.0,511,BUTLER,IMO0000000,AELO,31.0,0.0,17.0,6.0,,0,B,43.99861,-91.43584
368926485,2021-11-14 00:00:15,32.686,-117.13533,0.0,0.0,511,JOHN LEWIS,IMO9812626,NJLH,80.0,5.0,228.0,33.0,13.0,80,A,32.686,-117.13533
369134000,2021-11-14 00:00:03,42.44235,-70.1634,12.1,145.3,145,GLOBAL SENTINEL,IMO8900866,KGSU,90.0,0.0,145.0,21.0,8.1,99,A,42.27666267234738,-70.00793377801288
369262000,2021-11-14 00:00:01,29.33928,-94.68556,10.8,301.2,298,PAUL MCLERNAN,IMO9827671,WDJ4817,31.0,0.0,27.0,9.0,,57,A,29.432462030361854,-94.86206097042808
369503000,2021-11-14 00:00:04,33.29322,-118.17404,8.2,323.2,322,ROBERT C SEAMANS,IMO9245483,WDA4486,90.0,0.0,40.0,7.0,3.8,36,A,33.40257954776648,-118.27191546725244
369578000,2021-11-14 00:00:00,27.33236,-82.54574,0.0,280.8,511,SHARON LEE,,WDH6134,37.0,0.0,29.0,7.0,,37,A,27.33236,-82.54574
369751000,2021-11-14 00:00:00,34.02257,-119.15931,10.2,296.3,293,PRESIDENTFDROOSEVELT,IMO9400069,WROT,70.0,0.0,306.0,40.0,12.1,70,A,34.097841348034606,-119.34306583158981
369857000,2021-11-14 00:00:03,33.51398,-77.74704,10.4,228.4,235,NS HUGO,IMO8118011,UNKNOWN,90.0,0.0,54.0,12.0,,35,A,33.39897700136923,-77.9023993040999
369960000,2021-11-14 00:00:04,41.78486,-124.38104,7.5,258.5,264,FAIRWEATHER,IMO6710920,WTEB,90.0,0.0,70.0,13.0,4.9,99,A,41.759955800747214,-124.54520241575018
369970039,2021-11-14 00:00:01,38.98412,-76.46756,0.0,189.9,352,YP-703,,UNKNOWN,90.0,0.0,36.0,9.0,,99,A,38.98412,-76.46756
369970099,2021-11-14 00:00:53,45.86702,-122.79634,0.0,324.3,511,REDLINGER,,AENY,90.0,5.0,18.0,7.0,,35,A,45.86702,-122.79634
369970445,2021-11-14 00:00:01,35.20891,-75.70406,0.0,235.6,308,MERRITT,,AEVZ,90.0,3.0,27.0,9.0,,33,A,35.20891,-75.70406
369970978,2021-11-14 00:00:07,35.47281,-93.81363,0.0,243.7,153,DAN REEVES,,AEQC,90.0,0.0,27.0,9.0,,10,A,35.47281,-93.81363
369992000,2021-11-14 00:00:03,45.65279,-84.46717,0.0,140.4,32,CG MACKINAW,IMO9271054,NBGB,90.0,5.0,73.0,17.0,4.9,0,A,45.65279,-84.46717
369996000,2021-11-14 00:00:10,41.53536,-71.31396,0.1,270.7,511,TRANSPORTER,,UNKNOWN,90.0,0.0,27.0,9.0,,99,A,41.53538034794772,-71.31618487045938
372129000,2021-11-14 00:00:41,46.19817,-123.83182,0.2,274.8,89,INDIAN BULKER,IMO9791925,3EYO6,70.0,1.0,27.0,9.0,,79,A,46.19844873819522,-123.83661567553418
372424000,2021-11-14 00:00:04,31.39487,-117.25598,14.2,340.9,341,AZUL ACE,IMO9889100,HPGP,70.0,0.0,199.0,38.0,8.9,70,A,31.6183572149421,-117.34664262735654
372955000,2021-11-14 00:00:00,43.94215,-125.0322,11.8,353.8,354,MOL EXPERIENCE,IMO9333838,3ELI7,70.0,0.0,294.0,32.0,13.5,71,A,44.13753461116767,-125.06167827520169
373048000,2021-11-14 00:00:06,33.73009,-118.22134,0.5,175.8,343,GLORIOUS HIBISCUS,IMO9515216,3EUF4,70.0,0.0,210.0,36.0,11.5,70,A,33.721784646205734,-118.22060664125209
374158000,2021-11-14 00:00:27,33.76218,-118.18313,0.0,103.9,511,LOTTUS,IMO0000000,HP8554,37.0,0.0,0.0,0.0,13.8,74,B,33.76218,-118.18313
374779000,2021-11-14 00:00:01,29.76373,-95.08223,11.5,91.2,101,SIDER TAYRONA,IMO9728849,3EVC6,70.0,5.0,138.0,21.0,8.6,70,A,29.759718740924292,-94.8616333557985
414348000,2021-11-14 00:00:02,34.37783,-120.61363,14.6,287.2,287,ZHONG GU JIANG SU,IMO9400148,BQTM,70.0,0.0,275.0,32.0,12.4,70,A,34.44973713954342,-120.89508573263204
431011493,2021-11-14 00:00:00,21.28638,-157.84246,0.0,275.0,511,BACCHUS937-5,IMO0000000,UNKNOWN,36.0,0.0,12.0,4.0,,0,B,21.28638,-157.84246
441222000,2021-11-14 00:00:09,26.35381,-126.94924,11.6,119.8,118,DAE YANG NO 602,IMO7927025,DTBU3,30.0,0.0,42.0,8.0,3.1,79,A,26.257793110365498,-126.76213971169857
463042101,2021-11-14 00:00:01,28.93938,-94.45165,0.8,161.5,93,HYDERABAD,IMO9278789,AQQG,70.0,2.0,188.0,32.0,12.1,70,A,28.926744204735304,-94.44681886914843
477027600,2021-11-14 00:00:07,33.60735,-118.04655,0.0,350.0,280,POWAN,IMO9721578,VRPL9,70.0,1.0,179.0,9.0,,70,A,33.60735,-118.04655
477133700,2021-11-14 00:00:06,40.44464,-72.67775,2.6,82.1,190,HALIFAX EXPRESS,IMO9200823,VRMW7,70.0,0.0,294.0,32.0,13.6,70,A,40.45059191703479,-72.62138825494432
477136800,2021-11-14 00:00:10,33.61924,-118.06353,0.0,200.0,270,COSCO KAOHSIUNG,IMO9355563,VREM3,70.0,1.0,348.0,45.0,14.5,71,A,33.61924,-118.06353
477168200,2021-11-14 00:00:00,39.05013,-127.06711,14.1,106.6,109,GREAT AGILITY,IMO9792890,VRQB3,70.0,0.0,179.0,32.0,7.2,70,A,38.98303847252801,-126.77731410949656
477770700,2021-11-14 00:00:03,33.47399,-118.03301,2.5,85.5,70,COSCO MALAYSIA,IMO9448774,VRGV9,70.0,0.0,334.0,42.0,14.5,71,A,33.47725692614656,-117.98324567155828
477790500,2021-11-14 00:00:03,29.4073,-120.17529,20.3,124.6,123,SEASPAN ELBE,IMO9630420,VRNY5,70.0,0.0,337.0,48.0,15.2,74,A,29.21530898974681,-119.85581986172232
477802500,2021-11-14 00:00:30,33.74945,-118.20911,0.0,61.0,57,YM ENDEAVOUR,IMO9461362,VRIG6,70.0,5.0,228.0,32.0,14.4,70,A,33.74945,-118.20911
477845600,2021-11-14 00:00:03,36.72286,-126.16639,18.1,116.4,116,COSCO ITALY,IMO9516454,VRNE4,71.0,0.0,366.0,52.0,13.4,71,A,36.588818769718536,-125.82950691070737
499929694,2021-11-14 00:00:05,48.52222,-122.60826,0.0,302.4,268,TANERLIQ,IMO9178445,WDF2025,52.0,0.0,45.0,14.0,6.7,52,A,48.52222,-122.60826
503767400,2021-11-14 00:00:08,47.86328,-124.76903,9.3,354.3,348,ENTERPRISE III,,VJN4281,37.0,0.0,27.0,9.0,,37,A,48.01740968587649,-124.7919606035992
538002591,2021-11-14 00:00:01,43.182,-125.25894,6.0,11.3,10,CAPE FARO,IMO9347712,V7JZ2,70.0,8.0,170.0,25.0,7.8,70,A,43.27999538894973,-125.23208611894758
538002784,2021-11-14 00:00:01,40.89659,-68.87261,10.8,210.8,213,IVER PROSPERITY,IMO9351921,V7LP8,80.0,0.0,184.0,27.0,11.3,89,A,40.74208140151541,-68.99446015470005
538005055,2021-11-14 00:00:06,48.28635,-123.87478,13.4,280.0,278,BRAVEHEART,IMO9209532,V7AR6,70.0,0.0,224.0,32.0,14.0,70,A,48.325105294198806,-124.2050918163069
538005089,2021-11-14 00:00:09,46.29717,-125.79281,12.6,10.5,12,ARDMORE EXPORTER,IMO9654775,V7AX7,80.0,0.0,183.0,32.0,13.3,82,A,46.50351439548065,-125.73745803845864
538005610,2021-11-14 00:00:17,41.50498,-81.70726,0.0,187.3,145,FEDERAL EMS,IMO9229984,V7FL2,70.0,5.0,199.0,23.0,11.3,70,A,41.50498,-81.70726
538006472,2021-11-14 00:00:01,43.51688,-78.49128,12.6,253.1,254,FEDERAL CARIBOU,IMO9671096,V7NK6,31.0,0.0,199.0,9.0,,70,A,43.45587367504654,-78.76817373810039
538008998,2021-11-14 00:00:02,39.70438,-73.68398,2.6,222.6,248,GENERAL GUISAN,IMO9888027,V7A4178,70.0,0.0,197.0,32.0,6.8,70,A,39.67250395312577,-73.72207904486434
538008998,2021-11-14 00:01:11,39.70358,-73.68472,3.4,213.2,244,GENERAL GUISAN,IMO9888027,V7A4178,70.0,0.0,197.0,32.0,6.8,70,A,39.65619530639945,-73.72502322485535
538009610,2021-11-14 00:00:01,30.70173,-88.03745,2.2,1.2,5,IVS PHOENIX,IMO9774862,V7A4953,70.0,0.0,199.0,32.0,11.7,70,A,30.738363923324318,-88.03655753848678
538070204,2021-11-14 00:00:00,27.51163,-82.55747,0.0,252.8,511,SALTY DAWG,,V7JR7,31.0,15.0,27.0,9.0,,0,A,27.51163,-82.55747
538071555,2021-11-14 00:00:08,21.30675,-157.86658,0.0,59.0,351,OCEAN DREAMWALKER 3,IMO9840087,V7A4401,37.0,0.0,47.0,10.0,2.8,37,A,21.30675,-157.86658
563112700,2021-11-14 00:00:11,33.4594,-126.96179,12.4,88.3,85,ATLANTIC GLORY,IMO9536844,9V6886,70.0,0.0,180.0,28.0,7.8,70,A,33.46552689250063,-126.7143463126271
563579000,2021-11-14 00:00:26,33.69632,-118.20279,0.1,357.2,203,WAN HAI 612,IMO9224518,9V3465,70.0,1.0,284.0,40.0,14.0,70,A,33.69798355518383,-118.20288779137476
565032000,2021-11-14 00:00:03,33.61777,-118.87928,9.6,88.0,93,WAN HAI 312,IMO9248693,S6AS6,70.0,0.0,212.0,32.0,11.5,79,A,33.62335015685155,-118.68739183709641
565762000,2021-11-14 00:00:00,31.94916,-80.32284,0.0,216.7,262,MAERSK TAURUS,IMO9334674,9VFV4,70.0,1.0,331.0,43.0,14.5,71,A,31.94916,-80.32284
566881000,2021-11-14 00:00:04,33.70108,-118.822,0.2,88.1,260,APL RAFFLES,IMO9631979,9V5388,71.0,0.0,398.0,51.0,14.5,71,A,33.70119044279128,-118.81799821959576
567019000,2021-11-14 00:00:02,35.93203,-74.421,14.5,358.6,348,INTHIRA NAREE,IMO9732199,HSRO,70.0,0.0,199.0,32.0,13.3,70,A,36.17346173269405,-74.4282870995591
577201000,2021-11-14 00:00:05,21.3234,-158.11309,0.1,91.9,45,B SKY,IMO9381627,YJTN7,80.0,8.0,105.0,16.0,6.6,80,A,21.32334477860436,-158.11130304192054
636013382,2021-11-14 00:00:07,31.46291,-125.86441,13.4,113.1,111,MARIELENA,IMO9376359,A8MN6,70.0,0.0,224.0,32.0,14.4,70,A,31.375347086392882,-125.62373752689416
636015032,2021-11-14 00:00:18,45.64071,-122.71759,0.1,22.7,294,VENUS SPIRIT,IMO9505900,A8YD8,70.0,5.0,183.0,30.0,9.0,70,A,45.642246527423715,-122.71667068615447
636015173,2021-11-14 00:00:03,34.19643,-121.94397,13.5,141.4,143,JUPITER SPIRIT,IMO9509401,A8ZC2,70.0,0.0,183.0,30.0,9.0,70,A,34.02070638165656,-121.77437058439027
636015897,2021-11-14 00:00:00,33.75104,-118.82437,0.5,136.5,243,OSAKA TOWER,IMO9238777,D5DJ5,70.0,0.0,260.0,32.0,12.6,79,A,33.74499928674243,-118.81747559005262
636017294,2021-11-14 00:00:02,31.20866,-129.59156,15.3,113.2,113,NEW CENTURY 2,IMO9229403,D5KF5,70.0,0.0,199.0,32.0,9.0,70,A,31.10827250292392,-129.31770822164614
636018028,2021-11-14 00:00:11,40.52601,-71.47275,7.4,267.9,270,ATHENIAN,IMO9408865,D5NV8,70.0,0.0,349.0,45.0,15.0,71,A,40.52149365456738,-71.63478875684125
636018102,2021-11-14 00:00:09,49.00406,-126.25135,3.2,332.9,193,PARISFAL,IMO9318060,A8LP6,70.0,0.0,334.0,42.0,14.5,73,A,49.05150602406288,-126.2883609021484
636018106,2021-11-14 00:00:04,33.00292,-117.73563,0.9,150.4,2,MSC CARLOTTA,IMO9756731,D5OE8,74.0,0.0,314.0,48.0,12.7,74,A,32.989886364453554,-117.72680128841279
636018287,2021-11-14 00:00:09,38.03438,-121.87497,9.9,294.0,295,JOHNNY TRADER,IMO9265885,D5PA6,80.0,0.0,183.0,32.0,8.2,80,A,38.101446324233514,-122.06621625892731
636019199,2021-11-14 00:00:08,38.57384,-74.83862,9.6,141.8,144,CHEM COBALT,IMO9740770,D5TK3,83.0,0.0,147.0,24.0,7.5,80,A,38.44818762271298,-74.71214518809491
636020266,2021-11-14 00:00:04,47.58697,-122.34565,0.0,237.0,180,ZOI,IMO9216987,A8HL4,79.0,5.0,275.0,40.0,13.5,79,A,47.58697,-122.34565
636020684,2021-11-14 00:00:03,37.25431,-122.58903,1.4,147.9,46,EVER FEAT,IMO9850898,5LAF3,70.0,0.0,333.0,48.0,11.5,70,A,37.23455714090796,-122.57346263463468
636092823,2021-11-14 00:00:22,33.70967,-118.21585,0.2,267.9,214,AS SERAFINA,IMO9410301,D5PY9,74.0,1.0,175.0,28.0,8.3,74,A,33.70954793660993,-118.21985169280802
636093041,2021-11-14 00:00:04,33.89681,-119.27059,0.5,130.0,310,CONTI CONQUEST,IMO9293818,5LCJ8,79.0,0.0,333.0,42.0,12.8,79,A,33.891457046007126,-119.26290437460074
